Aaren,Silver
Aarika,Gold
Abagael,Diamond
Abagail,Diamond
Abbe,Silver
Abbey,Silver
Abbi,Silver
Abbie,Diamond
Abby,Diamond
Abbye,Diamond
Abigael,Diamond
Abigail,Platinum
Abigale,Diamond
Abra,Diamond
Ada,Diamond
Adah,Gold
Adaline,Diamond
Adan,Platinum
Adara,Gold
Adda,Bronze
Addi,Diamond
Addia,Silver
Addie,Platinum
Addy,Silver
Adel,Gold
Adela,Platinum
Adelaida,Diamond
Adelaide,Platinum
Adele,Platinum
Adelheid,Platinum
Adelice,Platinum
Adelina,Diamond
Adelind,Platinum
Adeline,Gold
Adella,Bronze
Adelle,Silver
Adena,Platinum
Adey,Gold
Adi,Silver
Adiana,Bronze
Adina,Platinum
Adora,Bronze
Adore,Diamond
Adoree,Diamond
Adorne,Gold
Adrea,Diamond
Adria,Silver
Adriaens,Gold
Adrian,Platinum
Adriana,Platinum
Adriane,Platinum
Adrianna,Bronze
Adrianne,Platinum
Adriena,Gold
Adrienne,Platinum
Aeriel,Gold
Aeriela,Bronze
Aeriell,Platinum
Afton,Platinum
Ag,Gold
Agace,Silver
Agata,Silver
Agatha,Silver
Agathe,Bronze
Aggi,Gold
Aggie,Platinum
Aggy,Silver
Agna,Platinum
Agnella,Gold
Agnes,Bronze
Agnese,Bronze
Agnesse,Silver
Agneta,Gold
Agnola,Platinum
Agretha,Bronze
Aida,Diamond
Aidan,Diamond
Aigneis,Bronze
Aila,Silver
Aile,Silver
Ailee,Platinum
Aileen,Silver
Ailene,Platinum
Ailey,Diamond
Aili,Platinum
Ailina,Gold
Ailis,Platinum
Ailsun,Bronze
Ailyn,Gold
Aime,Bronze
Aimee,Platinum
Aimil,Silver
Aindrea,Diamond
Ainslee,Bronze
Ainsley,Gold
Ainslie,Bronze
Ajay,Platinum
Alaine,Silver
Alameda,Silver
Alana,Platinum
Alanah,Silver
Alane,Gold
Alanna,Bronze
Alayne,Silver
Alberta,Bronze
Albertina,Silver
Albertine,Bronze
Albina,Silver
Alecia,Bronze
Aleda,Bronze
Aleece,Diamond
Aleen,Platinum
Alejandra,Silver
Alejandrina,Gold
Alena,Platinum
Alene,Diamond
Alessandra,Gold
Aleta,Silver
Alethea,Silver
Alex,Bronze
Alexa,Silver
Alexandra,Silver
Alexandrina,Gold
Alexi,Bronze
Alexia,Platinum
Alexina,Bronze
Alexine,Diamond
Alexis,Gold
Alfi,Diamond
Alfie,Gold
Alfreda,Platinum
Alfy,Bronze
Ali,Platinum
Alia,Silver
Alica,Gold
Alice,Silver
Alicea,Platinum
Alicia,Platinum
Alida,Gold
Alidia,Diamond
Alie,Platinum
Alika,Silver
Alikee,Platinum
Alina,Platinum
Aline,Gold
Alis,Silver
Alisa,Platinum
Alisha,Diamond
Alison,Diamond
Alissa,Diamond
Alisun,Bronze
Alix,Diamond
Aliza,Silver
Alla,Diamond
Alleen,Gold
Allegra,Bronze
Allene,Bronze
Alli,Silver
Allianora,Gold
Allie,Gold
Allina,Platinum
Allis,Silver
Allison,Platinum
Allissa,Bronze
Allix,Gold
Allsun,Silver
Allx,Diamond
Ally,Gold
Allyce,Bronze
Allyn,Gold
Allys,Silver
Allyson,Silver
Alma,Bronze
Almeda,Platinum
Almeria,Gold
Almeta,Platinum
Almira,Bronze
Almire,Diamond
Aloise,Bronze
Aloisia,Gold
Aloysia,Diamond
Alta,Bronze
Althea,Silver
Alvera,Platinum
Alverta,Silver
Alvina,Bronze
Alvinia,Platinum
Alvira,Platinum
Alyce,Gold
Alyda,Platinum
Alys,Diamond
Alysa,Silver
Alyse,Gold
Alysia,Diamond
Alyson,Gold
Alyss,Bronze
Alyssa,Silver
Amabel,Diamond
Amabelle,Diamond
Amalea,Platinum
Amalee,Silver
Amaleta,Platinum
Amalia,Gold
Amalie,Platinum
Amalita,Diamond
Amalle,Gold
Amanda,Diamond
Amandi,Gold
Amandie,Bronze
Amandy,Platinum
Amara,Diamond
Amargo,Silver
Amata,Gold
Amber,Silver
Amberly,Diamond
Ambur,Bronze
Ame,Silver
Amelia,Bronze
Amelie,Gold
Amelina,Diamond
Ameline,Diamond
Amelita,Platinum
Ami,Gold
Amie,Platinum
Amii,Gold
Amil,Diamond
Amitie,Bronze
Amity,Platinum
Ammamaria,Bronze
Amy,Platinum
Amye,Silver
Ana,Silver
Anabal,Gold
Anabel,Platinum
Anabella,Bronze
Anabelle,Platinum
Analiese,Platinum
Analise,Bronze
Anallese,Platinum
Anallise,Diamond
Anastasia,Silver
Anastasie,Gold
Anastassia,Gold
Anatola,Gold
Andee,Silver
Andeee,Platinum
Anderea,Silver
Andi,Bronze
Andie,Gold
Andra,Bronze
Andrea,Diamond
Andreana,Diamond
Andree,Silver
Andrei,Bronze
Andria,Diamond
Andriana,Bronze
Andriette,Platinum
Andromache,Bronze
Andy,Diamond
Anestassia,Platinum
Anet,Bronze
Anett,Diamond
Anetta,Bronze
Anette,Gold
Ange,Platinum
Angel,Gold
Angela,Diamond
Angele,Gold
Angelia,Silver
Angelica,Bronze
Angelika,Diamond
Angelina,Bronze
Angeline,Bronze
Angelique,Bronze
Angelita,Silver
Angelle,Platinum
Angie,Bronze
Angil,Bronze
Angy,Silver
Ania,Silver
Anica,Diamond
Anissa,Silver
Anita,Platinum
Anitra,Platinum
Anjanette,Platinum
Anjela,Gold
Ann,Diamond
Ann-Marie,Silver
Anna,Gold
Anna-Diana,Bronze
Anna-Diane,Gold
Anna-Maria,Bronze
Annabal,Gold
Annabel,Bronze
Annabela,Gold
Annabell,Silver
Annabella,Platinum
Annabelle,Gold
Annadiana,Gold
Annadiane,Diamond
Annalee,Platinum
Annaliese,Gold
Annalise,Gold
Annamaria,Diamond
Annamarie,Diamond
Anne,Gold
Anne-Corinne,Platinum
Anne-Marie,Diamond
Annecorinne,Silver
Anneliese,Gold
Annelise,Diamond
Annemarie,Bronze
Annetta,Platinum
Annette,Diamond
Anni,Silver
Annice,Bronze
Annie,Silver
Annis,Gold
Annissa,Gold
Annmaria,Silver
Annmarie,Diamond
Annnora,Platinum
Annora,Gold
Anny,Silver
Anselma,Diamond
Ansley,Platinum
Anstice,Gold
Anthe,Gold
Anthea,Platinum
Anthia,Silver
Anthiathia,Diamond
Antoinette,Gold
Antonella,Platinum
Antonetta,Platinum
Antonia,Bronze
Antonie,Silver
Antonietta,Silver
Antonina,Gold
Anya,Platinum
Appolonia,Bronze
April,Bronze
Aprilette,Platinum
Ara,Gold
Arabel,Bronze
Arabela,Diamond
Arabele,Silver
Arabella,Platinum
Arabelle,Platinum
Arda,Diamond
Ardath,Platinum
Ardeen,Bronze
Ardelia,Diamond
Ardelis,Silver
Ardella,Gold
Ardelle,Platinum
Arden,Platinum
Ardene,Diamond
Ardenia,Bronze
Ardine,Platinum
Ardis,Silver
Ardisj,Platinum
Ardith,Bronze
Ardra,Platinum
Ardyce,Silver
Ardys,Diamond
Ardyth,Diamond
Aretha,Silver
Ariadne,Platinum
Ariana,Gold
Aridatha,Gold
Ariel,Platinum
Ariela,Diamond
Ariella,Gold
Arielle,Platinum
Arlana,Gold
Arlee,Platinum
Arleen,Platinum
Arlen,Bronze
Arlena,Gold
Arlene,Diamond
Arleta,Platinum
Arlette,Platinum
Arleyne,Diamond
Arlie,Silver
Arliene,Platinum
Arlina,Bronze
Arlinda,Gold
Arline,Bronze
Arluene,Platinum
Arly,Gold
Arlyn,Silver
Arlyne,Diamond
Aryn,Diamond
Ashely,Bronze
Ashia,Bronze
Ashien,Platinum
Ashil,Platinum
Ashla,Silver
Ashlan,Diamond
Ashlee,Platinum
Ashleigh,Platinum
Ashlen,Gold
Ashley,Gold
Ashli,Diamond
Ashlie,Bronze
Ashly,Diamond
Asia,Platinum
Astra,Platinum
Astrid,Bronze
Astrix,Bronze
Atalanta,Diamond
Athena,Diamond
Athene,Silver
Atlanta,Platinum
Atlante,Gold
Auberta,Bronze
Aubine,Silver
Aubree,Silver
Aubrette,Diamond
Aubrey,Silver
Aubrie,Platinum
Aubry,Bronze
Audi,Gold
Audie,Diamond
Audra,Silver
Audre,Silver
Audrey,Silver
Audrie,Diamond
Audry,Platinum
Audrye,Platinum
Audy,Diamond
Augusta,Diamond
Auguste,Diamond
Augustina,Gold
Augustine,Platinum
Aundrea,Platinum
Aura,Bronze
Aurea,Silver
Aurel,Gold
Aurelea,Platinum
Aurelia,Platinum
Aurelie,Gold
Auria,Bronze
Aurie,Gold
Aurilia,Platinum
Aurlie,Platinum
Auroora,Gold
Aurora,Diamond
Aurore,Gold
Austin,Diamond
Austina,Bronze
Austine,Diamond
Ava,Silver
Aveline,Gold
Averil,Gold
Averyl,Silver
Avie,Diamond
Avis,Diamond
Aviva,Gold
Avivah,Platinum
Avril,Silver
Avrit,Diamond
Ayn,Silver
Bab,Platinum
Babara,Bronze
Babb,Silver
Babbette,Gold
Babbie,Gold
Babette,Silver
Babita,Bronze
Babs,Diamond
Bambi,Diamond
Bambie,Gold
Bamby,Silver
Barb,Diamond
Barbabra,Gold
Barbara,Silver
Barbara-Anne,Bronze
Barbaraanne,Gold
Barbe,Gold
Barbee,Diamond
Barbette,Silver
Barbey,Silver
Barbi,Platinum
Barbie,Silver
Barbra,Bronze
Barby,Diamond
Bari,Bronze
Barrie,Gold
Barry,Diamond
Basia,Platinum
Bathsheba,Gold
Batsheva,Platinum
Bea,Platinum
Beatrice,Platinum
Beatrisa,Silver
Beatrix,Platinum
Beatriz,Gold
Bebe,Bronze
Becca,Gold
Becka,Platinum
Becki,Diamond
Beckie,Gold
Becky,Silver
Bee,Diamond
Beilul,Diamond
Beitris,Bronze
Bekki,Silver
Bel,Silver
Belia,Bronze
Belicia,Platinum
Belinda,Silver
Belita,Platinum
Bell,Bronze
Bella,Platinum
Bellanca,Platinum
Belle,Bronze
Bellina,Silver
Belva,Gold
Belvia,Bronze
Bendite,Platinum
Benedetta,Gold
Benedicta,Bronze
Benedikta,Bronze
Benetta,Bronze
Benita,Diamond
Benni,Diamond
Bennie,Gold
Benny,Gold
Benoite,Gold
Berenice,Platinum
Beret,Gold
Berget,Diamond
Berna,Diamond
Bernadene,Gold
Bernadette,Platinum
Bernadina,Silver
Bernadine,Platinum
Bernardina,Gold
Bernardine,Platinum
Bernelle,Silver
Bernete,Bronze
Bernetta,Platinum
Bernette,Bronze
Berni,Gold
Bernice,Gold
Bernie,Diamond
Bernita,Gold
Berny,Diamond
Berri,Bronze
Berrie,Bronze
Berry,Diamond
Bert,Gold
Berta,Diamond
Berte,Diamond
Bertha,Bronze
Berthe,Platinum
Berti,Bronze
Bertie,Gold
Bertina,Platinum
Bertine,Gold
Berty,Bronze
Beryl,Diamond
Beryle,Platinum
Bess,Gold
Bessie,Platinum
Bessy,Bronze
Beth,Bronze
Bethanne,Diamond
Bethany,Diamond
Bethena,Silver
Bethina,Diamond
Betsey,Gold
Betsy,Diamond
Betta,Silver
Bette,Gold
Bette-Ann,Diamond
Betteann,Gold
Betteanne,Diamond
Betti,Silver
Bettina,Bronze
Bettine,Gold
Betty,Platinum
Bettye,Gold
Beulah,Gold
Bev,Silver
Beverie,Gold
Beverlee,Platinum
Beverley,Bronze
Beverlie,Diamond
Beverly,Bronze
Bevvy,Silver
Bianca,Silver
Bianka,Diamond
Bibbie,Platinum
Bibby,Diamond
Bibbye,Diamond
Bibi,Diamond
Biddie,Diamond
Biddy,Diamond
Bidget,Diamond
Bili,Diamond
Bill,Platinum
Billi,Diamond
Billie,Diamond
Billy,Gold
Billye,Diamond
Binni,Silver
Binnie,Silver
Binny,Platinum
Bird,Bronze
Birdie,Silver
Birgit,Silver
Birgitta,Silver
Blair,Platinum
Blaire,Gold
Blake,Gold
Blakelee,Diamond
Blakeley,Gold
Blanca,Silver
Blanch,Platinum
Blancha,Silver
Blanche,Gold
Blinni,Gold
Blinnie,Diamond
Blinny,Bronze
Bliss,Bronze
Blisse,Diamond
Blithe,Platinum
Blondell,Bronze
Blondelle,Diamond
Blondie,Platinum
Blondy,Gold
Blythe,Silver
Bobbe,Gold
Bobbee,Gold
Bobbette,Diamond
Bobbi,Platinum
Bobbie,Bronze
Bobby,Platinum
Bobbye,Diamond
Bobette,Platinum
Bobina,Platinum
Bobine,Gold
Bobinette,Bronze
Bonita,Diamond
Bonnee,Platinum
Bonni,Silver
Bonnibelle,Diamond
Bonnie,Platinum
Bonny,Platinum
Brana,Silver
Brandais,Bronze
Brande,Bronze
Brandea,Diamond
Brandi,Diamond
Brandice,Platinum
Brandie,Bronze
Brandise,Platinum
Brandy,Silver
Breanne,Bronze
Brear,Gold
Bree,Silver
Breena,Silver
Bren,Diamond
Brena,Platinum
Brenda,Bronze
Brenn,Bronze
Brenna,Bronze
Brett,Diamond
Bria,Gold
Briana,Gold
Brianna,Gold
Brianne,Platinum
Bride,Bronze
Bridget,Platinum
Bridgette,Bronze
Bridie,Platinum
Brier,Platinum
Brietta,Gold
Brigid,Silver
Brigida,Diamond
Brigit,Gold
Brigitta,Gold
Brigitte,Platinum
Brina,Bronze
Briney,Silver
Brinn,Gold
Brinna,Bronze
Briny,Gold
Brit,Platinum
Brita,Diamond
Britney,Diamond
Britni,Platinum
Britt,Platinum
Britta,Silver
Brittan,Bronze
Brittaney,Gold
Brittani,Platinum
Brittany,Bronze
Britte,Gold
Britteny,Diamond
Brittne,Diamond
Brittney,Silver
Brittni,Silver
Brook,Bronze
Brooke,Silver
Brooks,Silver
Brunhilda,Silver
Brunhilde,Diamond
Bryana,Bronze
Bryn,Bronze
Bryna,Platinum
Brynn,Platinum
Brynna,Bronze
Brynne,Gold
Buffy,Bronze
Bunni,Silver
Bunnie,Platinum
Bunny,Gold
Cacilia,Gold
Cacilie,Diamond
Cahra,Gold
Cairistiona,Gold
Caitlin,Gold
Caitrin,Gold
Cal,Diamond
Calida,Silver
Calla,Diamond
Calley,Silver
Calli,Bronze
Callida,Silver
Callie,Silver
Cally,Gold
Calypso,Diamond
Cam,Silver
Camala,Platinum
Camel,Bronze
Camella,Gold
Camellia,Platinum
Cami,Silver
Camila,Gold
Camile,Platinum
Camilla,Bronze
Camille,Gold
Cammi,Silver
Cammie,Diamond
Cammy,Gold
Candace,Bronze
Candi,Diamond
Candice,Gold
Candida,Platinum
Candide,Platinum
Candie,Gold
Candis,Bronze
Candra,Silver
Candy,Diamond
Caprice,Platinum
Cara,Silver
Caralie,Bronze
Caren,Silver
Carena,Platinum
Caresa,Diamond
Caressa,Bronze
Caresse,Bronze
Carey,Gold
Cari,Platinum
Caria,Silver
Carie,Gold
Caril,Platinum
Carilyn,Gold
Carin,Silver
Carina,Platinum
Carine,Silver
Cariotta,Silver
Carissa,Diamond
Carita,Silver
Caritta,Bronze
Carla,Silver
Carlee,Diamond
Carleen,Silver
Carlen,Diamond
Carlene,Silver
Carley,Platinum
Carlie,Silver
Carlin,Silver
Carlina,Platinum
Carline,Diamond
Carlita,Silver
Carlota,Bronze
Carlotta,Platinum
Carly,Diamond
Carlye,Diamond
Carlyn,Platinum
Carlynn,Silver
Carlynne,Diamond
Carma,Silver
Carmel,Gold
Carmela,Platinum
Carmelia,Platinum
Carmelina,Bronze
Carmelita,Gold
Carmella,Platinum
Carmelle,Platinum
Carmen,Diamond
Carmencita,Silver
Carmina,Bronze
Carmine,Gold
Carmita,Bronze
Carmon,Bronze
Caro,Platinum
Carol,Bronze
Carol-Jean,Diamond
Carola,Bronze
Carolan,Platinum
Carolann,Platinum
Carole,Bronze
Carolee,Platinum
Carolin,Platinum
Carolina,Bronze
Caroline,Gold
Caroljean,Diamond
Carolyn,Silver
Carolyne,Gold
Carolynn,Bronze
Caron,Gold
Carree,Bronze
Carri,Silver
Carrie,Diamond
Carrissa,Bronze
Carroll,Gold
Carry,Silver
Cary,Gold
Caryl,Gold
Caryn,Platinum
Casandra,Gold
Casey,Platinum
Casi,Platinum
Casie,Bronze
Cass,Platinum
Cassandra,Silver
Cassandre,Platinum
Cassandry,Diamond
Cassaundra,Platinum
Cassey,Silver
Cassi,Bronze
Cassie,Gold
Cassondra,Gold
Cassy,Gold
Catarina,Platinum
Cate,Diamond
Caterina,Gold
Catha,Platinum
Catharina,Platinum
Catharine,Silver
Cathe,Platinum
Cathee,Silver
Catherin,Bronze
Catherina,Silver
Catherine,Platinum
Cathi,Bronze
Cathie,Platinum
Cathleen,Platinum
Cathlene,Gold
Cathrin,Platinum
Cathrine,Silver
Cathryn,Diamond
Cathy,Platinum
Cathyleen,Silver
Cati,Diamond
Catie,Diamond
Catina,Gold
Catlaina,Bronze
Catlee,Platinum
Catlin,Silver
Catrina,Platinum
Catriona,Silver
Caty,Silver
Caye,Silver
Cayla,Silver
Cecelia,Diamond
Cecil,Platinum
Cecile,Gold
Ceciley,Bronze
Cecilia,Diamond
Cecilla,Platinum
Cecily,Gold
Ceil,Diamond
Cele,Bronze
Celene,Platinum
Celesta,Platinum
Celeste,Diamond
Celestia,Bronze
Celestina,Silver
Celestine,Bronze
Celestyn,Bronze
Celestyna,Bronze
Celia,Platinum
Celie,Diamond
Celina,Gold
Celinda,Silver
Celine,Platinum
Celinka,Gold
Celisse,Bronze
Celka,Diamond
Celle,Silver
Cesya,Bronze
Chad,Diamond
Chanda,Platinum
Chandal,Platinum
Chandra,Bronze
Channa,Platinum
Chantal,Silver
Chantalle,Gold
Charil,Silver
Charin,Platinum
Charis,Gold
Charissa,Diamond
Charisse,Platinum
Charita,Gold
Charity,Bronze
Charla,Silver
Charlean,Platinum
Charleen,Diamond
Charlena,Silver
Charlene,Bronze
Charline,Gold
Charlot,Platinum
Charlotta,Bronze
Charlotte,Platinum
Charmain,Bronze
Charmaine,Diamond
Charmane,Bronze
Charmian,Diamond
Charmine,Gold
Charmion,Silver
Charo,Silver
Charyl,Platinum
Chastity,Gold
Chelsae,Gold
Chelsea,Platinum
Chelsey,Gold
Chelsie,Silver
Chelsy,Bronze
Cher,Silver
Chere,Bronze
Cherey,Platinum
Cheri,Platinum
Cherianne,Gold
Cherice,Platinum
Cherida,Bronze
Cherie,Silver
Cherilyn,Gold
Cherilynn,Silver
Cherin,Gold
Cherise,Silver
Cherish,Silver
Cherlyn,Diamond
Cherri,Gold
Cherrita,Silver
Cherry,Gold
Chery,Bronze
Cherye,Gold
Cheryl,Platinum
Cheslie,Bronze
Chiarra,Gold
Chickie,Silver
Chicky,Gold
Chiquia,Silver
Chiquita,Platinum
Chlo,Gold
Chloe,Bronze
Chloette,Bronze
Chloris,Diamond
Chris,Platinum
Chrissie,Bronze
Chrissy,Bronze
Christa,Platinum
Christabel,Platinum
Christabella,Diamond
Christal,Gold
Christalle,Diamond
Christan,Gold
Christean,Bronze
Christel,Gold
Christen,Gold
Christi,Platinum
Christian,Bronze
Christiana,Gold
Christiane,Platinum
Christie,Platinum
Christin,Diamond
Christina,Silver
Christine,Platinum
Christy,Platinum
Christye,Diamond
Christyna,Platinum
Chrysa,Diamond
Chrysler,Silver
Chrystal,Gold
Chryste,Bronze
Chrystel,Bronze
Cicely,Gold
Cicily,Gold
Ciel,Gold
Cilka,Bronze
Cinda,Platinum
Cindee,Silver
Cindelyn,Platinum
Cinderella,Silver
Cindi,Diamond
Cindie,Platinum
Cindra,Diamond
Cindy,Bronze
Cinnamon,Diamond
Cissiee,Gold
Cissy,Bronze
Clair,Platinum
Claire,Gold
Clara,Diamond
Clarabelle,Diamond
Clare,Gold
Claresta,Bronze
Clareta,Diamond
Claretta,Gold
Clarette,Silver
Clarey,Platinum
Clari,Gold
Claribel,Gold
Clarice,Bronze
Clarie,Silver
Clarinda,Platinum
Clarine,Silver
Clarissa,Diamond
Clarisse,Silver
Clarita,Diamond
Clary,Platinum
Claude,Gold
Claudelle,Gold
Claudetta,Gold
Claudette,Gold
Claudia,Gold
Claudie,Bronze
Claudina,Silver
Claudine,Gold
Clea,Platinum
Clem,Diamond
Clemence,Silver
Clementia,Platinum
Clementina,Gold
Clementine,Platinum
Clemmie,Platinum
Clemmy,Platinum
Cleo,Gold
Cleopatra,Bronze
Clerissa,Silver
Clio,Diamond
Clo,Silver
Cloe,Diamond
Cloris,Silver
Clotilda,Platinum
Clovis,Gold
Codee,Gold
Codi,Gold
Codie,Platinum
Cody,Bronze
Coleen,Platinum
Colene,Bronze
Coletta,Silver
Colette,Bronze
Colleen,Silver
Collen,Silver
Collete,Platinum
Collette,Silver
Collie,Silver
Colline,Silver
Colly,Bronze
Con,Gold
Concettina,Silver
Conchita,Silver
Concordia,Platinum
Conni,Bronze
Connie,Bronze
Conny,Diamond
Consolata,Diamond
Constance,Platinum
Constancia,Diamond
Constancy,Platinum
Constanta,Gold
Constantia,Diamond
Constantina,Silver
Constantine,Silver
Consuela,Bronze
Consuelo,Platinum
Cookie,Silver
Cora,Bronze
Corabel,Silver
Corabella,Diamond
Corabelle,Bronze
Coral,Silver
Coralie,Silver
Coraline,Gold
Coralyn,Silver
Cordelia,Platinum
Cordelie,Gold
Cordey,Bronze
Cordi,Platinum
Cordie,Platinum
Cordula,Silver
Cordy,Gold
Coreen,Bronze
Corella,Platinum
Corenda,Platinum
Corene,Gold
Coretta,Gold
Corette,Silver
Corey,Platinum
Cori,Platinum
Corie,Gold
Corilla,Diamond
Corina,Silver
Corine,Bronze
Corinna,Bronze
Corinne,Silver
Coriss,Gold
Corissa,Gold
Corliss,Gold
Corly,Gold
Cornela,Silver
Cornelia,Gold
Cornelle,Gold
Cornie,Bronze
Corny,Silver
Correna,Diamond
Correy,Silver
Corri,Gold
Corrianne,Silver
Corrie,Bronze
Corrina,Bronze
Corrine,Diamond
Corrinne,Bronze
Corry,Bronze
Cortney,Diamond
Cory,Silver
Cosetta,Silver
Cosette,Platinum
Costanza,Bronze
Courtenay,Bronze
Courtnay,Diamond
Courtney,Gold
Crin,Diamond
Cris,Silver
Crissie,Silver
Crissy,Bronze
Crista,Diamond
Cristabel,Diamond
Cristal,Silver
Cristen,Silver
Cristi,Platinum
Cristie,Platinum
Cristin,Gold
Cristina,Gold
Cristine,Bronze
Cristionna,Bronze
Cristy,Gold
Crysta,Gold
Crystal,Bronze
Crystie,Bronze
Cthrine,Bronze
Cyb,Diamond
Cybil,Diamond
Cybill,Gold
Cymbre,Bronze
Cynde,Silver
Cyndi,Bronze
Cyndia,Diamond
Cyndie,Diamond
Cyndy,Silver
Cynthea,Gold
Cynthia,Platinum
Cynthie,Gold
Cynthy,Diamond
Dacey,Platinum
Dacia,Platinum
Dacie,Diamond
Dacy,Gold
Dael,Platinum
Daffi,Diamond
Daffie,Platinum
Daffy,Diamond
Dagmar,Platinum
Dahlia,Platinum
Daile,Diamond
Daisey,Bronze
Daisi,Diamond
Daisie,Bronze
Daisy,Bronze
Dale,Diamond
Dalenna,Bronze
Dalia,Gold
Dalila,Platinum
Dallas,Diamond
Daloris,Diamond
Damara,Silver
Damaris,Platinum
Damita,Silver
Dana,Diamond
Danell,Silver
Danella,Diamond
Danette,Diamond
Dani,Silver
Dania,Platinum
Danica,Bronze
Danice,Bronze
Daniela,Silver
Daniele,Bronze
Daniella,Diamond
Danielle,Bronze
Danika,Silver
Danila,Platinum
Danit,Bronze
Danita,Gold
Danna,Gold
Danni,Bronze
Dannie,Gold
Danny,Gold
Dannye,Silver
Danya,Silver
Danyelle,Bronze
Danyette,Bronze
Daphene,Silver
Daphna,Silver
Daphne,Silver
Dara,Platinum
Darb,Silver
Darbie,Bronze
Darby,Silver
Darcee,Diamond
Darcey,Platinum
Darci,Silver
Darcie,Platinum
Darcy,Diamond
Darda,Platinum
Dareen,Bronze
Darell,Gold
Darelle,Bronze
Dari,Bronze
Daria,Diamond
Darice,Gold
Darla,Silver
Darleen,Silver
Darlene,Gold
Darline,Silver
Darlleen,Platinum
Daron,Gold
Darrelle,Silver
Darryl,Gold
Darsey,Bronze
Darsie,Diamond
Darya,Silver
Daryl,Bronze
Daryn,Platinum
Dasha,Gold
Dasi,Platinum
Dasie,Platinum
Dasya,Platinum
Datha,Diamond
Daune,Diamond
Daveen,Diamond
Daveta,Silver
Davida,Bronze
Davina,Diamond
Davine,Silver
Davita,Gold
Dawn,Gold
Dawna,Silver
Dayle,Gold
Dayna,Diamond
Ddene,Silver
De,Silver
Deana,Platinum
Deane,Gold
Deanna,Gold
Deanne,Diamond
Deb,Bronze
Debbi,Bronze
Debbie,Diamond
Debby,Diamond
Debee,Platinum
Debera,Gold
Debi,Gold
Debor,Platinum
Debora,Gold
Deborah,Bronze
Debra,Silver
Dede,Platinum
Dedie,Bronze
Dedra,Silver
Dee,Diamond
Dee Dee,Bronze
Deeann,Platinum
Deeanne,Bronze
Deedee,Diamond
Deena,Silver
Deerdre,Gold
Deeyn,Gold
Dehlia,Silver
Deidre,Silver
Deina,Silver
Deirdre,Gold
Del,Silver
Dela,Diamond
Delcina,Silver
Delcine,Diamond
Delia,Platinum
Delila,Silver
Delilah,Bronze
Delinda,Silver
Dell,Diamond
Della,Gold
Delly,Platinum
Delora,Silver
Delores,Silver
Deloria,Diamond
Deloris,Bronze
Delphine,Gold
Delphinia,Diamond
Demeter,Silver
Demetra,Platinum
Demetria,Bronze
Demetris,Gold
Dena,Silver
Deni,Silver
Denice,Gold
Denise,Gold
Denna,Bronze
Denni,Platinum
Dennie,Gold
Denny,Gold
Deny,Platinum
Denys,Diamond
Denyse,Gold
Deonne,Diamond
Desdemona,Diamond
Desirae,Diamond
Desiree,Platinum
Desiri,Platinum
Deva,Diamond
Devan,Silver
Devi,Diamond
Devin,Diamond
Devina,Platinum
Devinne,Silver
Devon,Silver
Devondra,Platinum
Devonna,Bronze
Devonne,Gold
Devora,Bronze
Di,Silver
Diahann,Gold
Dian,Bronze
Diana,Platinum
Diandra,Gold
Diane,Bronze
Diane-Marie,Bronze
Dianemarie,Platinum
Diann,Gold
Dianna,Bronze
Dianne,Diamond
Diannne,Gold
Didi,Silver
Dido,Platinum
Diena,Platinum
Dierdre,Bronze
Dina,Bronze
Dinah,Platinum
Dinnie,Platinum
Dinny,Platinum
Dion,Diamond
Dione,Bronze
Dionis,Silver
Dionne,Diamond
Dita,Gold
Dix,Platinum
Dixie,Silver
Dniren,Silver
Dode,Platinum
Dodi,Platinum
Dodie,Silver
Dody,Platinum
Doe,Bronze
Doll,Silver
Dolley,Platinum
Dolli,Diamond
Dollie,Bronze
Dolly,Gold
Dolores,Bronze
Dolorita,Platinum
Doloritas,Gold
Domeniga,Bronze
Dominga,Platinum
Domini,Diamond
Dominica,Gold
Dominique,Platinum
Dona,Bronze
Donella,Gold
Donelle,Diamond
Donetta,Silver
Donia,Gold
Donica,Silver
Donielle,Silver
Donna,Silver
Donnamarie,Gold
Donni,Gold
Donnie,Diamond
Donny,Silver
Dora,Diamond
Doralia,Platinum
Doralin,Platinum
Doralyn,Gold
Doralynn,Platinum
Doralynne,Silver
Dore,Bronze
Doreen,Silver
Dorelia,Silver
Dorella,Silver
Dorelle,Gold
Dorena,Diamond
Dorene,Gold
Doretta,Diamond
Dorette,Diamond
Dorey,Platinum
Dori,Gold
Doria,Diamond
Dorian,Diamond
Dorice,Diamond
Dorie,Silver
Dorine,Silver
Doris,Gold
Dorisa,Gold
Dorise,Platinum
Dorita,Platinum
Doro,Gold
Dorolice,Gold
Dorolisa,Platinum
Dorotea,Platinum
Doroteya,Bronze
Dorothea,Diamond
Dorothee,Bronze
Dorothy,Gold
Dorree,Bronze
Dorri,Bronze
Dorrie,Gold
Dorris,Silver
Dorry,Bronze
Dorthea,Bronze
Dorthy,Gold
Dory,Gold
Dosi,Gold
Dot,Gold
Doti,Diamond
Dotti,Gold
Dottie,Diamond
Dotty,Gold
Dre,Platinum
Dreddy,Platinum
Dredi,Gold
Drona,Gold
Dru,Platinum
Druci,Gold
Drucie,Diamond
Drucill,Bronze
Drucy,Platinum
Drusi,Bronze
Drusie,Diamond
Drusilla,Gold
Drusy,Bronze
Dulce,Bronze
Dulcea,Platinum
Dulci,Platinum
Dulcia,Gold
Dulciana,Diamond
Dulcie,Bronze
Dulcine,Gold
Dulcinea,Gold
Dulcy,Gold
Dulsea,Silver
Dusty,Gold
Dyan,Diamond
Dyana,Gold
Dyane,Bronze
Dyann,Silver
Dyanna,Gold
Dyanne,Silver
Dyna,Silver
Dynah,Diamond
Eachelle,Gold
Eada,Diamond
Eadie,Gold
Eadith,Bronze
Ealasaid,Gold
Eartha,Gold
Easter,Silver
Eba,Bronze
Ebba,Gold
Ebonee,Bronze
Ebony,Silver
Eda,Diamond
Eddi,Bronze
Eddie,Gold
Eddy,Diamond
Ede,Gold
Edee,Platinum
Edeline,Silver
Eden,Bronze
Edi,Platinum
Edie,Platinum
Edin,Gold
Edita,Gold
Edith,Diamond
Editha,Platinum
Edithe,Gold
Ediva,Bronze
Edna,Platinum
Edwina,Gold
Edy,Platinum
Edyth,Diamond
Edythe,Gold
Effie,Silver
Eileen,Diamond
Eilis,Bronze
Eimile,Silver
Eirena,Bronze
Ekaterina,Diamond
Elaina,Diamond
Elaine,Gold
Elana,Gold
Elane,Silver
Elayne,Gold
Elberta,Platinum
Elbertina,Platinum
Elbertine,Gold
Eleanor,Bronze
Eleanora,Diamond
Eleanore,Silver
Electra,Silver
Eleen,Gold
Elena,Silver
Elene,Diamond
Eleni,Silver
Elenore,Platinum
Eleonora,Silver
Eleonore,Platinum
Elfie,Platinum
Elfreda,Diamond
Elfrida,Bronze
Elfrieda,Diamond
Elga,Platinum
Elianora,Silver
Elianore,Gold
Elicia,Platinum
Elie,Diamond
Elinor,Silver
Elinore,Bronze
Elisa,Bronze
Elisabet,Platinum
Elisabeth,Diamond
Elisabetta,Platinum
Elise,Bronze
Elisha,Silver
Elissa,Gold
Elita,Platinum
Eliza,Silver
Elizabet,Gold
Elizabeth,Platinum
Elka,Bronze
Elke,Platinum
Ella,Diamond
Elladine,Silver
Elle,Gold
Ellen,Bronze
Ellene,Platinum
Ellette,Platinum
Elli,Platinum
Ellie,Bronze
Ellissa,Diamond
Elly,Bronze
Ellyn,Diamond
Ellynn,Gold
Elmira,Platinum
Elna,Diamond
Elnora,Platinum
Elnore,Gold
Eloisa,Silver
Eloise,Diamond
Elonore,Diamond
Elora,Diamond
Elsa,Gold
Elsbeth,Gold
Else,Bronze
Elset,Platinum
Elsey,Platinum
Elsi,Diamond
Elsie,Bronze
Elsinore,Diamond
Elspeth,Platinum
Elsy,Gold
Elva,Diamond
Elvera,Platinum
Elvina,Diamond
Elvira,Platinum
Elwira,Gold
Elyn,Gold
Elyse,Gold
Elysee,Platinum
Elysha,Diamond
Elysia,Platinum
Elyssa,Platinum
Em,Platinum
Ema,Gold
Emalee,Platinum
Emalia,Gold
Emelda,Bronze
Emelia,Silver
Emelina,Platinum
Emeline,Bronze
Emelita,Gold
Emelyne,Gold
Emera,Platinum
Emilee,Diamond
Emili,Diamond
Emilia,Diamond
Emilie,Gold
Emiline,Gold
Emily,Platinum
Emlyn,Silver
Emlynn,Silver
Emlynne,Platinum
Emma,Diamond
Emmalee,Silver
Emmaline,Diamond
Emmalyn,Silver
Emmalynn,Platinum
Emmalynne,Diamond
Emmeline,Silver
Emmey,Silver
Emmi,Silver
Emmie,Platinum
Emmy,Diamond
Emmye,Silver
Emogene,Gold
Emyle,Diamond
Emylee,Diamond
Engracia,Silver
Enid,Diamond
Enrica,Gold
Enrichetta,Bronze
Enrika,Diamond
Enriqueta,Gold
Eolanda,Diamond
Eolande,Bronze
Eran,Bronze
Erda,Diamond
Erena,Bronze
Erica,Platinum
Ericha,Silver
Ericka,Bronze
Erika,Bronze
Erin,Bronze
Erina,Bronze
Erinn,Bronze
Erinna,Silver
Erma,Diamond
Ermengarde,Gold
Ermentrude,Gold
Ermina,Silver
Erminia,Gold
Erminie,Diamond
Erna,Bronze
Ernaline,Gold
Ernesta,Bronze
Ernestine,Diamond
Ertha,Diamond
Eryn,Silver
Esma,Platinum
Esmaria,Silver
Esme,Platinum
Esmeralda,Platinum
Essa,Gold
Essie,Gold
Essy,Silver
Esta,Bronze
Estel,Bronze
Estele,Diamond
Estell,Platinum
Estella,Silver
Estelle,Silver
Ester,Gold
Esther,Platinum
Estrella,Bronze
Estrellita,Silver
Ethel,Platinum
Ethelda,Diamond
Ethelin,Bronze
Ethelind,Gold
Etheline,Gold
Ethelyn,Diamond
Ethyl,Silver
Etta,Bronze
Etti,Platinum
Ettie,Platinum
Etty,Gold
Eudora,Silver
Eugenia,Diamond
Eugenie,Diamond
Eugine,Platinum
Eula,Diamond
Eulalie,Gold
Eunice,Platinum
Euphemia,Diamond
Eustacia,Bronze
Eva,Gold
Evaleen,Diamond
Evangelia,Platinum
Evangelin,Platinum
Evangelina,Diamond
Evangeline,Diamond
Evania,Platinum
Evanne,Gold
Eve,Silver
Eveleen,Diamond
Evelina,Gold
Eveline,Bronze
Evelyn,Silver
Evey,Platinum
Evie,Diamond
Evita,Gold
Evonne,Gold
Evvie,Gold
Evvy,Silver
Evy,Platinum
Eyde,Bronze
Eydie,Gold
Ezmeralda,Platinum
Fae,Silver
Faina,Platinum
Faith,Silver
Fallon,Diamond
Fan,Silver
Fanchette,Silver
Fanchon,Silver
Fancie,Diamond
Fancy,Bronze
Fanechka,Diamond
Fania,Gold
Fanni,Platinum
Fannie,Gold
Fanny,Silver
Fanya,Bronze
Fara,Silver
Farah,Platinum
Farand,Gold
Farica,Gold
Farra,Platinum
Farrah,Gold
Farrand,Silver
Faun,Gold
Faunie,Gold
Faustina,Bronze
Faustine,Gold
Fawn,Platinum
Fawne,Platinum
Fawnia,Diamond
Fay,Gold
Faydra,Platinum
Faye,Silver
Fayette,Bronze
Fayina,Platinum
Fayre,Platinum
Fayth,Platinum
Faythe,Platinum
Federica,Diamond
Fedora,Gold
Felecia,Bronze
Felicdad,Bronze
Felice,Diamond
Felicia,Gold
Felicity,Silver
Felicle,Diamond
Felipa,Bronze
Felisha,Gold
Felita,Bronze
Feliza,Diamond
Fenelia,Platinum
Feodora,Diamond
Ferdinanda,Gold
Ferdinande,Gold
Fern,Silver
Fernanda,Gold
Fernande,Platinum
Fernandina,Gold
Ferne,Silver
Fey,Bronze
Fiann,Platinum
Fianna,Gold
Fidela,Diamond
Fidelia,Platinum
Fidelity,Diamond
Fifi,Silver
Fifine,Silver
Filia,Gold
Filide,Diamond
Filippa,Diamond
Fina,Diamond
Fiona,Diamond
Fionna,Silver
Fionnula,Silver
Fiorenze,Silver
Fleur,Silver
Fleurette,Platinum
Flo,Gold
Flor,Silver
Flora,Gold
Florance,Silver
Flore,Silver
Florella,Silver
Florence,Platinum
Florencia,Platinum
Florentia,Gold
Florenza,Platinum
Florette,Platinum
Flori,Diamond
Floria,Diamond
Florida,Gold
Florie,Gold
Florina,Bronze
Florinda,Diamond
Floris,Bronze
Florri,Gold
Florrie,Gold
Florry,Diamond
Flory,Bronze
Flossi,Bronze
Flossie,Diamond
Flossy,Diamond
Flss,Diamond
Fran,Bronze
Francene,Silver
Frances,Diamond
Francesca,Diamond
Francine,Diamond
Francisca,Gold
Franciska,Gold
Francoise,Platinum
Francyne,Diamond
Frank,Silver
Frankie,Platinum
Franky,Silver
Franni,Gold
Frannie,Diamond
Franny,Platinum
Frayda,Silver
Fred,Bronze
Freda,Diamond
Freddi,Silver
Freddie,Silver
Freddy,Gold
Fredelia,Gold
Frederica,Silver
Fredericka,Diamond
Frederique,Silver
Fredi,Platinum
Fredia,Platinum
Fredra,Silver
Fredrika,Gold
Freida,Bronze
Frieda,Diamond
Friederike,Gold
Fulvia,Platinum
Gabbey,Silver
Gabbi,Bronze
Gabbie,Diamond
Gabey,Platinum
Gabi,Bronze
Gabie,Silver
Gabriel,Silver
Gabriela,Silver
Gabriell,Platinum
Gabriella,Gold
Gabrielle,Silver
Gabriellia,Gold
Gabrila,Silver
Gaby,Gold
Gae,Platinum
Gael,Diamond
Gail,Gold
Gale,Platinum
Gale,Platinum
Galina,Gold
Garland,Gold
Garnet,Silver
Garnette,Bronze
Gates,Silver
Gavra,Bronze
Gavrielle,Bronze
Gay,Gold
Gaye,Diamond
Gayel,Platinum
Gayla,Silver
Gayle,Diamond
Gayleen,Bronze
Gaylene,Gold
Gaynor,Silver
Gelya,Gold
Gena,Platinum
Gene,Silver
Geneva,Bronze
Genevieve,Platinum
Genevra,Silver
Genia,Bronze
Genna,Gold
Genni,Silver
Gennie,Platinum
Gennifer,Gold
Genny,Bronze
Genovera,Bronze
Genvieve,Diamond
George,Bronze
Georgeanna,Silver
Georgeanne,Silver
Georgena,Bronze
Georgeta,Silver
Georgetta,Gold
Georgette,Diamond
Georgia,Bronze
Georgiana,Diamond
Georgianna,Diamond
Georgianne,Silver
Georgie,Platinum
Georgina,Diamond
Georgine,Diamond
Geralda,Platinum
Geraldine,Bronze
Gerda,Platinum
Gerhardine,Silver
Geri,Silver
Gerianna,Platinum
Gerianne,Platinum
Gerladina,Diamond
Germain,Platinum
Germaine,Diamond
Germana,Silver
Gerri,Silver
Gerrie,Gold
Gerrilee,Silver
Gerry,Diamond
Gert,Diamond
Gerta,Bronze
Gerti,Silver
Gertie,Platinum
Gertrud,Bronze
Gertruda,Silver
Gertrude,Platinum
Gertrudis,Gold
Gerty,Gold
Giacinta,Bronze
Giana,Bronze
Gianina,Gold
Gianna,Platinum
Gigi,Diamond
Gilberta,Diamond
Gilberte,Gold
Gilbertina,Gold
Gilbertine,Bronze
Gilda,Diamond
Gilemette,Platinum
Gill,Gold
Gillan,Diamond
Gilli,Platinum
Gillian,Platinum
Gillie,Diamond
Gilligan,Silver
Gilly,Platinum
Gina,Platinum
Ginelle,Silver
Ginevra,Platinum
Ginger,Platinum
Ginni,Silver
Ginnie,Platinum
Ginnifer,Platinum
Ginny,Silver
Giorgia,Diamond
Giovanna,Gold
Gipsy,Bronze
Giralda,Diamond
Gisela,Gold
Gisele,Platinum
Gisella,Gold
Giselle,Platinum
Giuditta,Silver
Giulia,Bronze
Giulietta,Bronze
Giustina,Platinum
Gizela,Bronze
Glad,Gold
Gladi,Bronze
Gladys,Gold
Gleda,Platinum
Glen,Platinum
Glenda,Platinum
Glenine,Platinum
Glenn,Diamond
Glenna,Bronze
Glennie,Diamond
Glennis,Bronze
Glori,Gold
Gloria,Gold
Gloriana,Bronze
Gloriane,Platinum
Glory,Gold
Glyn,Gold
Glynda,Silver
Glynis,Platinum
Glynnis,Platinum
Gnni,Silver
Godiva,Bronze
Golda,Diamond
Goldarina,Platinum
Goldi,Diamond
Goldia,Gold
Goldie,Gold
Goldina,Bronze
Goldy,Diamond
Grace,Gold
Gracia,Gold
Gracie,Bronze
Grata,Gold
Gratia,Bronze
Gratiana,Platinum
Gray,Gold
Grayce,Gold
Grazia,Silver
Greer,Gold
Greta,Platinum
Gretal,Gold
Gretchen,Bronze
Grete,Bronze
Gretel,Bronze
Grethel,Silver
Gretna,Gold
Gretta,Silver
Grier,Bronze
Griselda,Platinum
Grissel,Gold
Guendolen,Platinum
Guenevere,Silver
Guenna,Platinum
Guglielma,Gold
Gui,Diamond
Guillema,Bronze
Guillemette,Bronze
Guinevere,Gold
Guinna,Gold
Gunilla,Platinum
Gus,Gold
Gusella,Gold
Gussi,Platinum
Gussie,Gold
Gussy,Silver
Gusta,Bronze
Gusti,Platinum
Gustie,Gold
Gusty,Bronze
Gwen,Gold
Gwendolen,Diamond
Gwendolin,Platinum
Gwendolyn,Diamond
Gweneth,Gold
Gwenette,Platinum
Gwenneth,Platinum
Gwenni,Silver
Gwennie,Silver
Gwenny,Gold
Gwenora,Silver
Gwenore,Diamond
Gwyn,Silver
Gwyneth,Bronze
Gwynne,Silver
Gypsy,Gold
Hadria,Bronze
Hailee,Diamond
Haily,Gold
Haleigh,Bronze
Halette,Platinum
Haley,Platinum
Hali,Silver
Halie,Diamond
Halimeda,Platinum
Halley,Diamond
Halli,Gold
Hallie,Silver
Hally,Bronze
Hana,Silver
Hanna,Bronze
Hannah,Bronze
Hanni,Platinum
Hannie,Gold
Hannis,Gold
Hanny,Diamond
Happy,Bronze
Harlene,Diamond
Harley,Bronze
Harli,Platinum
Harlie,Gold
Harmonia,Silver
Harmonie,Platinum
Harmony,Bronze
Harri,Diamond
Harrie,Bronze
Harriet,Diamond
Harriett,Silver
Harrietta,Platinum
Harriette,Platinum
Harriot,Bronze
Harriott,Diamond
Hatti,Diamond
Hattie,Diamond
Hatty,Gold
Hayley,Bronze
Hazel,Diamond
Heath,Platinum
Heather,Silver
Heda,Gold
Hedda,Gold
Heddi,Diamond
Heddie,Silver
Hedi,Silver
Hedvig,Platinum
Hedvige,Diamond
Hedwig,Bronze
Hedwiga,Diamond
Hedy,Silver
Heida,Bronze
Heidi,Bronze
Heidie,Platinum
Helaina,Bronze
Helaine,Diamond
Helen,Gold
Helen-Elizabeth,Silver
Helena,Diamond
Helene,Platinum
Helenka,Bronze
Helga,Gold
Helge,Bronze
Helli,Gold
Heloise,Gold
Helsa,Bronze
Helyn,Bronze
Hendrika,Diamond
Henka,Diamond
Henrie,Gold
Henrieta,Diamond
Henrietta,Platinum
Henriette,Bronze
Henryetta,Gold
Hephzibah,Silver
Hermia,Gold
Hermina,Bronze
Hermine,Diamond
Herminia,Platinum
Hermione,Platinum
Herta,Platinum
Hertha,Diamond
Hester,Diamond
Hesther,Diamond
Hestia,Diamond
Hetti,Bronze
Hettie,Platinum
Hetty,Diamond
Hilary,Silver
Hilda,Gold
Hildagard,Diamond
Hildagarde,Gold
Hilde,Platinum
Hildegaard,Diamond
Hildegarde,Diamond
Hildy,Gold
Hillary,Silver
Hilliary,Bronze
Hinda,Platinum
Holli,Diamond
Hollie,Bronze
Holly,Bronze
Holly-Anne,Gold
Hollyanne,Gold
Honey,Gold
Honor,Silver
Honoria,Gold
Hope,Gold
Horatia,Bronze
Hortense,Diamond
Hortensia,Gold
Hulda,Bronze
Hyacinth,Gold
Hyacintha,Bronze
Hyacinthe,Gold
Hyacinthia,Bronze
Hyacinthie,Platinum
Hynda,Diamond
Ianthe,Diamond
Ibbie,Platinum
Ibby,Diamond
Ida,Platinum
Idalia,Gold
Idalina,Platinum
Idaline,Silver
Idell,Silver
Idelle,Bronze
Idette,Gold
Ileana,Silver
Ileane,Platinum
Ilene,Platinum
Ilise,Diamond
Ilka,Silver
Illa,Bronze
Ilsa,Bronze
Ilse,Bronze
Ilysa,Gold
Ilyse,Bronze
Ilyssa,Bronze
Imelda,Silver
Imogen,Gold
Imogene,Diamond
Imojean,Bronze
Ina,Diamond
Indira,Gold
Ines,Bronze
Inesita,Bronze
Inessa,Bronze
Inez,Bronze
Inga,Bronze
Ingaberg,Silver
Ingaborg,Bronze
Inge,Silver
Ingeberg,Bronze
Ingeborg,Silver
Inger,Silver
Ingrid,Gold
Ingunna,Gold
Inna,Platinum
Iolande,Bronze
Iolanthe,Diamond
Iona,Platinum
Iormina,Diamond
Ira,Bronze
Irena,Platinum
Irene,Gold
Irina,Diamond
Iris,Bronze
Irita,Platinum
Irma,Diamond
Isa,Bronze
Isabel,Gold
Isabelita,Silver
Isabella,Diamond
Isabelle,Diamond
Isadora,Bronze
Isahella,Diamond
Iseabal,Silver
Isidora,Bronze
Isis,Gold
Isobel,Diamond
Issi,Bronze
Issie,Silver
Issy,Diamond
Ivett,Platinum
Ivette,Gold
Ivie,Platinum
Ivonne,Bronze
Ivory,Gold
Ivy,Diamond
Izabel,Diamond
Jacenta,Silver
Jacinda,Silver
Jacinta,Platinum
Jacintha,Diamond
Jacinthe,Gold
Jackelyn,Diamond
Jacki,Gold
Jackie,Gold
Jacklin,Diamond
Jacklyn,Bronze
Jackquelin,Bronze
Jackqueline,Gold
Jacky,Gold
Jaclin,Bronze
Jaclyn,Platinum
Jacquelin,Diamond
Jacqueline,Silver
Jacquelyn,Diamond
Jacquelynn,Silver
Jacquenetta,Gold
Jacquenette,Platinum
Jacquetta,Gold
Jacquette,Bronze
Jacqui,Bronze
Jacquie,Platinum
Jacynth,Silver
Jada,Gold
Jade,Silver
Jaime,Platinum
Jaimie,Gold
Jaine,Silver
Jami,Diamond
Jamie,Gold
Jamima,Silver
Jammie,Silver
Jan,Gold
Jana,Platinum
Janaya,Gold
Janaye,Gold
Jandy,Platinum
Jane,Bronze
Janean,Diamond
Janeczka,Gold
Janeen,Bronze
Janel,Diamond
Janela,Diamond
Janella,Silver
Janelle,Bronze
Janene,Silver
Janenna,Bronze
Janessa,Silver
Janet,Gold
Janeta,Platinum
Janetta,Bronze
Janette,Diamond
Janeva,Bronze
Janey,Bronze
Jania,Bronze
Janice,Platinum
Janie,Gold
Janifer,Gold
Janina,Bronze
Janine,Bronze
Janis,Silver
Janith,Bronze
Janka,Gold
Janna,Platinum
Jannel,Platinum
Jannelle,Platinum
Janot,Silver
Jany,Silver
Jaquelin,Diamond
Jaquelyn,Silver
Jaquenetta,Bronze
Jaquenette,Bronze
Jaquith,Diamond
Jasmin,Gold
Jasmina,Platinum
Jasmine,Bronze
Jayme,Bronze
Jaymee,Bronze
Jayne,Diamond
Jaynell,Bronze
Jazmin,Platinum
Jean,Diamond
Jeana,Gold
Jeane,Bronze
Jeanelle,Bronze
Jeanette,Gold
Jeanie,Gold
Jeanine,Platinum
Jeanna,Gold
Jeanne,Silver
Jeannette,Bronze
Jeannie,Diamond
Jeannine,Silver
Jehanna,Bronze
Jelene,Platinum
Jemie,Platinum
Jemima,Diamond
Jemimah,Bronze
Jemmie,Silver
Jemmy,Diamond
Jen,Diamond
Jena,Silver
Jenda,Platinum
Jenelle,Diamond
Jeni,Diamond
Jenica,Platinum
Jeniece,Silver
Jenifer,Platinum
Jeniffer,Silver
Jenilee,Bronze
Jenine,Platinum
Jenn,Gold
Jenna,Bronze
Jennee,Platinum
Jennette,Gold
Jenni,Platinum
Jennica,Platinum
Jennie,Gold
Jennifer,Bronze
Jennilee,Silver
Jennine,Diamond
Jenny,Bronze
Jeralee,Bronze
Jere,Diamond
Jeri,Gold
Jermaine,Bronze
Jerrie,Gold
Jerrilee,Bronze
Jerrilyn,Silver
Jerrine,Platinum
Jerry,Diamond
Jerrylee,Gold
Jess,Platinum
Jessa,Platinum
Jessalin,Silver
Jessalyn,Platinum
Jessamine,Diamond
Jessamyn,Gold
Jesse,Silver
Jesselyn,Platinum
Jessi,Gold
Jessica,Platinum
Jessie,Platinum
Jessika,Platinum
Jessy,Gold
Jewel,Bronze
Jewell,Bronze
Jewelle,Platinum
Jill,Gold
Jillana,Platinum
Jillane,Bronze
Jillayne,Platinum
Jilleen,Silver
Jillene,Diamond
Jilli,Platinum
Jillian,Silver
Jillie,Platinum
Jilly,Gold
Jinny,Platinum
Jo,Silver
Jo Ann,Diamond
Jo-Ann,Diamond
Jo-Anne,Platinum
Joan,Diamond
Joana,Platinum
Joane,Silver
Joanie,Platinum
Joann,Silver
Joanna,Silver
Joanne,Gold
Joannes,Silver
Jobey,Platinum
Jobi,Platinum
Jobie,Diamond
Jobina,Platinum
Joby,Silver
Jobye,Platinum
Jobyna,Diamond
Jocelin,Bronze
Joceline,Bronze
Jocelyn,Gold
Jocelyne,Bronze
Jodee,Bronze
Jodi,Bronze
Jodie,Diamond
Jody,Bronze
Joeann,Diamond
Joela,Platinum
Joelie,Silver
Joell,Diamond
Joella,Gold
Joelle,Platinum
Joellen,Gold
Joelly,Silver
Joellyn,Silver
Joelynn,Bronze
Joete,Diamond
Joey,Diamond
Johanna,Platinum
Johannah,Gold
Johna,Bronze
Johnath,Diamond
Johnette,Diamond
Johnna,Gold
Joice,Silver
Jojo,Platinum
Jolee,Bronze
Joleen,Diamond
Jolene,Diamond
Joletta,Silver
Joli,Diamond
Jolie,Gold
Joline,Bronze
Joly,Silver
Jolyn,Diamond
Jolynn,Silver
Jonell,Silver
Joni,Gold
Jonie,Diamond
Jonis,Diamond
Jordain,Bronze
Jordan,Gold
Jordana,Silver
Jordanna,Diamond
Jorey,Bronze
Jori,Platinum
Jorie,Platinum
Jorrie,Silver
Jorry,Gold
Joscelin,Diamond
Josee,Gold
Josefa,Bronze
Josefina,Diamond
Josepha,Platinum
Josephina,Silver
Josephine,Platinum
Josey,Platinum
Josi,Gold
Josie,Silver
Josselyn,Platinum
Josy,Gold
Jourdan,Gold
Joy,Silver
Joya,Bronze
Joyan,Bronze
Joyann,Silver
Joyce,Diamond
Joycelin,Platinum
Joye,Bronze
Jsandye,Gold
Juana,Bronze
Juanita,Diamond
Judi,Silver
Judie,Silver
Judith,Diamond
Juditha,Gold
Judy,Platinum
Judye,Silver
Juieta,Silver
Julee,Platinum
Juli,Gold
Julia,Diamond
Juliana,Silver
Juliane,Diamond
Juliann,Bronze
Julianna,Silver
Julianne,Silver
Julie,Silver
Julienne,Silver
Juliet,Bronze
Julieta,Platinum
Julietta,Gold
Juliette,Platinum
Julina,Silver
Juline,Gold
Julissa,Silver
Julita,Gold
June,Bronze
Junette,Bronze
Junia,Bronze
Junie,Silver
Junina,Platinum
Justina,Bronze
Justine,Gold
Justinn,Diamond
Jyoti,Silver
Kacey,Silver
Kacie,Diamond
Kacy,Silver
Kaela,Gold
Kai,Platinum
Kaia,Silver
Kaila,Bronze
Kaile,Platinum
Kailey,Bronze
Kaitlin,Silver
Kaitlyn,Platinum
Kaitlynn,Bronze
Kaja,Bronze
Kakalina,Platinum
Kala,Platinum
Kaleena,Silver
Kali,Gold
Kalie,Diamond
Kalila,Bronze
Kalina,Gold
Kalinda,Silver
Kalindi,Platinum
Kalli,Platinum
Kally,Gold
Kameko,Silver
Kamila,Gold
Kamilah,Platinum
Kamillah,Silver
Kandace,Diamond
Kandy,Bronze
Kania,Bronze
Kanya,Gold
Kara,Bronze
Kara-Lynn,Platinum
Karalee,Gold
Karalynn,Diamond
Kare,Diamond
Karee,Platinum
Karel,Gold
Karen,Silver
Karena,Gold
Kari,Bronze
Karia,Diamond
Karie,Silver
Karil,Platinum
Karilynn,Platinum
Karin,Bronze
Karina,Platinum
Karine,Platinum
Kariotta,Diamond
Karisa,Bronze
Karissa,Platinum
Karita,Diamond
Karla,Silver
Karlee,Silver
Karleen,Bronze
Karlen,Diamond
Karlene,Bronze
Karlie,Platinum
Karlotta,Diamond
Karlotte,Bronze
Karly,Bronze
Karlyn,Platinum
Karmen,Platinum
Karna,Platinum
Karol,Gold
Karola,Gold
Karole,Silver
Karolina,Platinum
Karoline,Platinum
Karoly,Diamond
Karon,Diamond
Karrah,Silver
Karrie,Gold
Karry,Silver
Kary,Diamond
Karyl,Silver
Karylin,Diamond
Karyn,Diamond
Kasey,Gold
Kass,Bronze
Kassandra,Gold
Kassey,Silver
Kassi,Platinum
Kassia,Bronze
Kassie,Gold
Kat,Platinum
Kata,Diamond
Katalin,Platinum
Kate,Silver
Katee,Silver
Katerina,Platinum
Katerine,Silver
Katey,Platinum
Kath,Silver
Katha,Silver
Katharina,Platinum
Katharine,Platinum
Katharyn,Diamond
Kathe,Platinum
Katherina,Platinum
Katherine,Silver
Katheryn,Diamond
Kathi,Platinum
Kathie,Diamond
Kathleen,Diamond
Kathlin,Bronze
Kathrine,Silver
Kathryn,Diamond
Kathryne,Platinum
Kathy,Platinum
Kathye,Diamond
Kati,Platinum
Katie,Platinum
Katina,Platinum
Katine,Diamond
Katinka,Gold
Katleen,Bronze
Katlin,Silver
Katrina,Gold
Katrine,Gold
Katrinka,Platinum
Katti,Silver
Kattie,Bronze
Katuscha,Platinum
Katusha,Platinum
Katy,Gold
Katya,Platinum
Kay,Gold
Kaycee,Gold
Kaye,Platinum
Kayla,Diamond
Kayle,Platinum
Kaylee,Bronze
Kayley,Gold
Kaylil,Gold
Kaylyn,Platinum
Keeley,Diamond
Keelia,Silver
Keely,Bronze
Kelcey,Gold
Kelci,Bronze
Kelcie,Silver
Kelcy,Gold
Kelila,Silver
Kellen,Bronze
Kelley,Diamond
Kelli,Platinum
Kellia,Diamond
Kellie,Bronze
Kellina,Gold
Kellsie,Diamond
Kelly,Diamond
Kellyann,Bronze
Kelsey,Silver
Kelsi,Gold
Kelsy,Bronze
Kendra,Diamond
Kendre,Bronze
Kenna,Gold
Keri,Diamond
Keriann,Platinum
Kerianne,Diamond
Kerri,Silver
Kerrie,Bronze
Kerrill,Silver
Kerrin,Gold
Kerry,Bronze
Kerstin,Bronze
Kesley,Diamond
Keslie,Diamond
Kessia,Bronze
Kessiah,Silver
Ketti,Platinum
Kettie,Diamond
Ketty,Platinum
Kevina,Silver
Kevyn,Silver
Ki,Gold
Kiah,Bronze
Kial,Silver
Kiele,Platinum
Kiersten,Diamond
Kikelia,Bronze
Kiley,Silver
Kim,Bronze
Kimberlee,Diamond
Kimberley,Platinum
Kimberli,Bronze
Kimberly,Gold
Kimberlyn,Diamond
Kimbra,Gold
Kimmi,Platinum
Kimmie,Bronze
Kimmy,Bronze
Kinna,Platinum
Kip,Gold
Kipp,Silver
Kippie,Platinum
Kippy,Gold
Kira,Diamond
Kirbee,Diamond
Kirbie,Gold
Kirby,Gold
Kiri,Platinum
Kirsten,Silver
Kirsteni,Platinum
Kirsti,Bronze
Kirstin,Gold
Kirstyn,Bronze
Kissee,Diamond
Kissiah,Platinum
Kissie,Diamond
Kit,Gold
Kitti,Silver
Kittie,Platinum
Kitty,Diamond
Kizzee,Gold
Kizzie,Diamond
Klara,Platinum
Klarika,Bronze
Klarrisa,Diamond
Konstance,Diamond
Konstanze,Gold
Koo,Diamond
Kora,Gold
Koral,Bronze
Koralle,Bronze
Kordula,Bronze
Kore,Gold
Korella,Bronze
Koren,Platinum
Koressa,Bronze
Kori,Gold
Korie,Bronze
Korney,Bronze
Korrie,Gold
Korry,Diamond
Kris,Diamond
Krissie,Diamond
Krissy,Platinum
Krista,Gold
Kristal,Gold
Kristan,Bronze
Kriste,Bronze
Kristel,Bronze
Kristen,Bronze
Kristi,Gold
Kristien,Platinum
Kristin,Gold
Kristina,Diamond
Kristine,Gold
Kristy,Platinum
Kristyn,Gold
Krysta,Gold
Krystal,Platinum
Krystalle,Gold
Krystle,Silver
Krystyna,Platinum
Kyla,Gold
Kyle,Bronze
Kylen,Diamond
Kylie,Bronze
Kylila,Silver
Kylynn,Gold
Kym,Gold
Kynthia,Diamond
Kyrstin,Bronze
La Verne,Diamond
Lacee,Diamond
Lacey,Platinum
Lacie,Platinum
Lacy,Bronze
Ladonna,Diamond
Laetitia,Silver
Laina,Bronze
Lainey,Gold
Lana,Diamond
Lanae,Gold
Lane,Gold
Lanette,Bronze
Laney,Silver
Lani,Gold
Lanie,Diamond
Lanita,Diamond
Lanna,Gold
Lanni,Gold
Lanny,Diamond
Lara,Silver
Laraine,Diamond
Lari,Diamond
Larina,Silver
Larine,Silver
Larisa,Platinum
Larissa,Gold
Lark,Bronze
Laryssa,Diamond
Latashia,Bronze
Latia,Diamond
Latisha,Gold
Latrena,Bronze
Latrina,Diamond
Laura,Bronze
Lauraine,Gold
Laural,Platinum
Lauralee,Bronze
Laure,Diamond
Lauree,Gold
Laureen,Silver
Laurel,Bronze
Laurella,Platinum
Lauren,Diamond
Laurena,Gold
Laurene,Gold
Lauretta,Diamond
Laurette,Bronze
Lauri,Diamond
Laurianne,Silver
Laurice,Bronze
Laurie,Bronze
Lauryn,Gold
Lavena,Diamond
Laverna,Silver
Laverne,Gold
Lavina,Platinum
Lavinia,Platinum
Lavinie,Bronze
Layla,Bronze
Layne,Bronze
Layney,Bronze
Lea,Platinum
Leah,Silver
Leandra,Diamond
Leann,Diamond
Leanna,Silver
Leanor,Platinum
Leanora,Platinum
Lebbie,Diamond
Leda,Bronze
Lee,Bronze
Leeann,Silver
Leeanne,Platinum
Leela,Gold
Leelah,Bronze
Leena,Platinum
Leesa,Silver
Leese,Gold
Legra,Gold
Leia,Silver
Leigh,Gold
Leigha,Gold
Leila,Platinum
Leilah,Platinum
Leisha,Platinum
Lela,Diamond
Lelah,Gold
Leland,Diamond
Lelia,Gold
Lena,Diamond
Lenee,Platinum
Lenette,Diamond
Lenka,Silver
Lenna,Gold
Lenora,Diamond
Lenore,Gold
Leodora,Diamond
Leoine,Diamond
Leola,Gold
Leoline,Bronze
Leona,Diamond
Leonanie,Bronze
Leone,Gold
Leonelle,Gold
Leonie,Bronze
Leonora,Gold
Leonore,Gold
Leontine,Platinum
Leontyne,Silver
Leora,Bronze
Leshia,Diamond
Lesley,Platinum
Lesli,Gold
Leslie,Platinum
Lesly,Diamond
Lesya,Gold
Leta,Platinum
Lethia,Diamond
Leticia,Bronze
Letisha,Bronze
Letitia,Gold
Letizia,Platinum
Letta,Bronze
Letti,Silver
Lettie,Diamond
Letty,Silver
Lexi,Gold
Lexie,Silver
Lexine,Gold
Lexis,Diamond
Lexy,Gold
Leyla,Gold
Lezlie,Silver
Lia,Diamond
Lian,Diamond
Liana,Gold
Liane,Silver
Lianna,Bronze
Lianne,Bronze
Lib,Bronze
Libbey,Platinum
Libbi,Bronze
Libbie,Silver
Libby,Platinum
Licha,Silver
Lida,Gold
Lidia,Diamond
Liesa,Gold
Lil,Silver
Lila,Gold
Lilah,Platinum
Lilas,Diamond
Lilia,Bronze
Lilian,Gold
Liliane,Silver
Lilias,Platinum
Lilith,Gold
Lilla,Diamond
Lilli,Silver
Lillian,Bronze
Lillis,Bronze
Lilllie,Silver
Lilly,Bronze
Lily,Diamond
Lilyan,Gold
Lin,Platinum
Lina,Silver
Lind,Platinum
Linda,Silver
Lindi,Platinum
Lindie,Silver
Lindsay,Gold
Lindsey,Bronze
Lindsy,Gold
Lindy,Silver
Linea,Silver
Linell,Gold
Linet,Silver
Linette,Silver
Linn,Bronze
Linnea,Gold
Linnell,Platinum
Linnet,Platinum
Linnie,Bronze
Linzy,Bronze
Lira,Silver
Lisa,Gold
Lisabeth,Silver
Lisbeth,Diamond
Lise,Diamond
Lisetta,Diamond
Lisette,Platinum
Lisha,Diamond
Lishe,Gold
Lissa,Gold
Lissi,Bronze
Lissie,Diamond
Lissy,Diamond
Lita,Silver
Liuka,Gold
Liv,Silver
Liva,Platinum
Livia,Diamond
Livvie,Diamond
Livvy,Bronze
Livvyy,Silver
Livy,Diamond
Liz,Diamond
Liza,Gold
Lizabeth,Bronze
Lizbeth,Gold
Lizette,Platinum
Lizzie,Diamond
Lizzy,Bronze
Loella,Platinum
Lois,Gold
Loise,Diamond
Lola,Silver
Loleta,Platinum
Lolita,Silver
Lolly,Diamond
Lona,Bronze
Lonee,Bronze
Loni,Silver
Lonna,Bronze
Lonni,Silver
Lonnie,Diamond
Lora,Bronze
Lorain,Diamond
Loraine,Diamond
Loralee,Diamond
Loralie,Gold
Loralyn,Silver
Loree,Bronze
Loreen,Platinum
Lorelei,Diamond
Lorelle,Platinum
Loren,Diamond
Lorena,Gold
Lorene,Silver
Lorenza,Silver
Loretta,Platinum
Lorette,Platinum
Lori,Silver
Loria,Diamond
Lorianna,Silver
Lorianne,Diamond
Lorie,Diamond
Lorilee,Platinum
Lorilyn,Bronze
Lorinda,Silver
Lorine,Gold
Lorita,Platinum
Lorna,Gold
Lorne,Gold
Lorraine,Diamond
Lorrayne,Silver
Lorri,Silver
Lorrie,Platinum
Lorrin,Gold
Lorry,Platinum
Lory,Diamond
Lotta,Silver
Lotte,Bronze
Lotti,Platinum
Lottie,Platinum
Lotty,Platinum
Lou,Silver
Louella,Gold
Louisa,Gold
Louise,Platinum
Louisette,Platinum
Loutitia,Gold
Lu,Gold
Luce,Silver
Luci,Bronze
Lucia,Platinum
Luciana,Silver
Lucie,Bronze
Lucienne,Gold
Lucila,Diamond
Lucilia,Gold
Lucille,Gold
Lucina,Gold
Lucinda,Platinum
Lucine,Platinum
Lucita,Bronze
Lucky,Gold
Lucretia,Gold
Lucy,Silver
Ludovika,Silver
Luella,Bronze
Luelle,Silver
Luisa,Bronze
Luise,Bronze
Lula,Platinum
Lulita,Gold
Lulu,Platinum
Lura,Diamond
Lurette,Silver
Lurleen,Gold
Lurlene,Gold
Lurline,Gold
Lusa,Diamond
Luz,Bronze
Lyda,Platinum
Lydia,Silver
Lydie,Silver
Lyn,Gold
Lynda,Diamond
Lynde,Silver
Lyndel,Gold
Lyndell,Bronze
Lyndsay,Silver
Lyndsey,Bronze
Lyndsie,Diamond
Lyndy,Bronze
Lynea,Diamond
Lynelle,Gold
Lynett,Gold
Lynette,Platinum
Lynn,Diamond
Lynna,Platinum
Lynne,Bronze
Lynnea,Silver
Lynnell,Platinum
Lynnelle,Gold
Lynnet,Platinum
Lynnett,Platinum
Lynnette,Diamond
Lynsey,Silver
Lyssa,Bronze
Mab,Gold
Mabel,Gold
Mabelle,Gold
Mable,Platinum
Mada,Bronze
Madalena,Bronze
Madalyn,Bronze
Maddalena,Diamond
Maddi,Diamond
Maddie,Bronze
Maddy,Silver
Madel,Diamond
Madelaine,Diamond
Madeleine,Diamond
Madelena,Bronze
Madelene,Diamond
Madelin,Bronze
Madelina,Platinum
Madeline,Silver
Madella,Diamond
Madelle,Silver
Madelon,Bronze
Madelyn,Bronze
Madge,Diamond
Madlen,Silver
Madlin,Platinum
Madonna,Bronze
Mady,Silver
Mae,Silver
Maegan,Platinum
Mag,Platinum
Magda,Gold
Magdaia,Silver
Magdalen,Gold
Magdalena,Bronze
Magdalene,Platinum
Maggee,Bronze
Maggi,Bronze
Maggie,Bronze
Maggy,Silver
Mahala,Diamond
Mahalia,Silver
Maia,Diamond
Maible,Silver
Maiga,Silver
Maighdiln,Silver
Mair,Diamond
Maire,Silver
Maisey,Platinum
Maisie,Bronze
Maitilde,Diamond
Mala,Gold
Malanie,Diamond
Malena,Silver
Malia,Bronze
Malina,Gold
Malinda,Diamond
Malinde,Platinum
Malissa,Diamond
Malissia,Bronze
Mallissa,Silver
Mallorie,Platinum
Mallory,Silver
Malorie,Bronze
Malory,Bronze
Malva,Diamond
Malvina,Platinum
Malynda,Bronze
Mame,Silver
Mamie,Diamond
Manda,Silver
Mandi,Platinum
Mandie,Gold
Mandy,Silver
Manon,Bronze
Manya,Gold
Mara,Bronze
Marabel,Gold
Marcela,Diamond
Marcelia,Bronze
Marcella,Silver
Marcelle,Platinum
Marcellina,Diamond
Marcelline,Platinum
Marchelle,Platinum
Marci,Bronze
Marcia,Gold
Marcie,Bronze
Marcile,Gold
Marcille,Silver
Marcy,Diamond
Mareah,Bronze
Maren,Silver
Marena,Diamond
Maressa,Bronze
Marga,Diamond
Margalit,Diamond
Margalo,Gold
Margaret,Diamond
Margareta,Platinum
Margarete,Diamond
Margaretha,Platinum
Margarethe,Gold
Margaretta,Platinum
Margarette,Gold
Margarita,Silver
Margaux,Diamond
Marge,Bronze
Margeaux,Bronze
Margery,Gold
Marget,Diamond
Margette,Bronze
Margi,Diamond
Margie,Silver
Margit,Platinum
Margo,Platinum
Margot,Silver
Margret,Silver
Marguerite,Diamond
Margy,Diamond
Mari,Diamond
Maria,Diamond
Mariam,Gold
Marian,Platinum
Mariana,Bronze
Mariann,Platinum
Marianna,Diamond
Marianne,Gold
Maribel,Bronze
Maribelle,Diamond
Maribeth,Bronze
Marice,Platinum
Maridel,Gold
Marie,Bronze
Marie-Ann,Gold
Marie-Jeanne,Bronze
Marieann,Platinum
Mariejeanne,Platinum
Mariel,Platinum
Mariele,Bronze
Marielle,Gold
Mariellen,Bronze
Marietta,Silver
Mariette,Platinum
Marigold,Gold
Marijo,Platinum
Marika,Silver
Marilee,Platinum
Marilin,Bronze
Marillin,Gold
Marilyn,Bronze
Marin,Bronze
Marina,Silver
Marinna,Bronze
Marion,Platinum
Mariquilla,Bronze
Maris,Gold
Marisa,Silver
Mariska,Silver
Marissa,Bronze
Marita,Diamond
Maritsa,Bronze
Mariya,Silver
Marj,Bronze
Marja,Platinum
Marje,Platinum
Marji,Platinum
Marjie,Platinum
Marjorie,Platinum
Marjory,Platinum
Marjy,Bronze
Marketa,Diamond
Marla,Diamond
Marlane,Gold
Marleah,Bronze
Marlee,Platinum
Marleen,Gold
Marlena,Bronze
Marlene,Bronze
Marley,Diamond
Marlie,Silver
Marline,Platinum
Marlo,Platinum
Marlyn,Gold
Marna,Platinum
Marne,Silver
Marney,Bronze
Marni,Diamond
Marnia,Platinum
Marnie,Bronze
Marquita,Silver
Marrilee,Bronze
Marris,Silver
Marrissa,Diamond
Marsha,Bronze
Marsiella,Gold
Marta,Gold
Martelle,Bronze
Martguerita,Diamond
Martha,Diamond
Marthe,Platinum
Marthena,Platinum
Marti,Gold
Martica,Platinum
Martie,Bronze
Martina,Platinum
Martita,Gold
Marty,Platinum
Martynne,Platinum
Mary,Silver
Marya,Diamond
Maryann,Gold
Maryanna,Gold
Maryanne,Gold
Marybelle,Silver
Marybeth,Diamond
Maryellen,Diamond
Maryjane,Diamond
Maryjo,Platinum
Maryl,Silver
Marylee,Silver
Marylin,Gold
Marylinda,Gold
Marylou,Silver
Marylynne,Diamond
Maryrose,Silver
Marys,Platinum
Marysa,Bronze
Masha,Gold
Matelda,Platinum
Mathilda,Diamond
Mathilde,Gold
Matilda,Diamond
Matilde,Bronze
Matti,Platinum
Mattie,Gold
Matty,Gold
Maud,Silver
Maude,Silver
Maudie,Gold
Maura,Diamond
Maure,Platinum
Maureen,Platinum
Maureene,Gold
Maurene,Gold
Maurine,Silver
Maurise,Bronze
Maurita,Bronze
Maurizia,Gold
Mavis,Diamond
Mavra,Diamond
Max,Gold
Maxi,Platinum
Maxie,Bronze
Maxine,Gold
Maxy,Platinum
May,Gold
Maybelle,Bronze
Maye,Gold
Mead,Silver
Meade,Silver
Meagan,Diamond
Meaghan,Bronze
Meara,Bronze
Mechelle,Diamond
Meg,Bronze
Megan,Silver
Megen,Gold
Meggi,Gold
Meggie,Diamond
Meggy,Gold
Meghan,Diamond
Meghann,Gold
Mehetabel,Bronze
Mei,Platinum
Mel,Bronze
Mela,Platinum
Melamie,Bronze
Melania,Gold
Melanie,Silver
Melantha,Gold
Melany,Bronze
Melba,Gold
Melesa,Bronze
Melessa,Gold
Melicent,Gold
Melina,Silver
Melinda,Gold
Melinde,Bronze
Melisa,Diamond
Melisande,Silver
Melisandra,Gold
Melisenda,Silver
Melisent,Bronze
Melissa,Diamond
Melisse,Silver
Melita,Platinum
Melitta,Gold
Mella,Platinum
Melli,Platinum
Mellicent,Bronze
Mellie,Bronze
Mellisa,Diamond
Mellisent,Silver
Melloney,Diamond
Melly,Gold
Melodee,Silver
Melodie,Diamond
Melody,Bronze
Melonie,Gold
Melony,Silver
Melosa,Bronze
Melva,Bronze
Mercedes,Gold
Merci,Platinum
Mercie,Bronze
Mercy,Bronze
Meredith,Diamond
Meredithe,Gold
Meridel,Gold
Meridith,Bronze
Meriel,Silver
Merilee,Gold
Merilyn,Gold
Meris,Bronze
Merissa,Silver
Merl,Silver
Merla,Platinum
Merle,Gold
Merlina,Bronze
Merline,Bronze
Merna,Diamond
Merola,Silver
Merralee,Gold
Merridie,Diamond
Merrie,Silver
Merrielle,Bronze
Merrile,Diamond
Merrilee,Bronze
Merrili,Platinum
Merrill,Diamond
Merrily,Platinum
Merry,Diamond
Mersey,Platinum
Meryl,Platinum
Meta,Bronze
Mia,Diamond
Micaela,Silver
Michaela,Diamond
Michaelina,Gold
Michaeline,Silver
Michaella,Bronze
Michal,Gold
Michel,Gold
Michele,Diamond
Michelina,Diamond
Micheline,Diamond
Michell,Platinum
Michelle,Platinum
Micki,Silver
Mickie,Gold
Micky,Platinum
Midge,Silver
Mignon,Silver
Mignonne,Platinum
Miguela,Silver
Miguelita,Diamond
Mikaela,Bronze
Mil,Diamond
Mildred,Platinum
Mildrid,Platinum
Milena,Bronze
Milicent,Platinum
Milissent,Bronze
Milka,Gold
Milli,Gold
Millicent,Gold
Millie,Silver
Millisent,Diamond
Milly,Gold
Milzie,Gold
Mimi,Bronze
Min,Silver
Mina,Diamond
Minda,Silver
Mindy,Bronze
Minerva,Platinum
Minetta,Gold
Minette,Silver
Minna,Bronze
Minnaminnie,Gold
Minne,Platinum
Minni,Platinum
Minnie,Silver
Minnnie,Gold
Minny,Diamond
Minta,Diamond
Miof Mela,Bronze
Miquela,Silver
Mira,Gold
Mirabel,Silver
Mirabella,Silver
Mirabelle,Silver
Miran,Diamond
Miranda,Silver
Mireielle,Gold
Mireille,Bronze
Mirella,Silver
Mirelle,Gold
Miriam,Diamond
Mirilla,Bronze
Mirna,Platinum
Misha,Diamond
Missie,Diamond
Missy,Platinum
Misti,Silver
Misty,Diamond
Mitzi,Diamond
Modesta,Platinum
Modestia,Silver
Modestine,Bronze
Modesty,Platinum
Moina,Gold
Moira,Bronze
Moll,Bronze
Mollee,Platinum
Molli,Gold
Mollie,Gold
Molly,Gold
Mommy,Silver
Mona,Bronze
Monah,Gold
Monica,Diamond
Monika,Gold
Monique,Diamond
Mora,Gold
Moreen,Gold
Morena,Bronze
Morgan,Platinum
Morgana,Diamond
Morganica,Gold
Morganne,Gold
Morgen,Diamond
Moria,Gold
Morissa,Platinum
Morna,Bronze
Moselle,Silver
Moyna,Gold
Moyra,Silver
Mozelle,Silver
Muffin,Silver
Mufi,Bronze
Mufinella,Diamond
Muire,Bronze
Mureil,Bronze
Murial,Platinum
Muriel,Gold
Murielle,Gold
Myra,Diamond
Myrah,Diamond
Myranda,Bronze
Myriam,Silver
Myrilla,Diamond
Myrle,Silver
Myrlene,Bronze
Myrna,Platinum
Myrta,Bronze
Myrtia,Silver
Myrtice,Bronze
Myrtie,Bronze
Myrtle,Diamond
Nada,Gold
Nadean,Bronze
Nadeen,Silver
Nadia,Bronze
Nadine,Platinum
Nadiya,Gold
Nady,Silver
Nadya,Bronze
Nalani,Diamond
Nan,Gold
Nana,Gold
Nananne,Bronze
Nance,Bronze
Nancee,Bronze
Nancey,Platinum
Nanci,Gold
Nancie,Platinum
Nancy,Diamond
Nanete,Gold
Nanette,Platinum
Nani,Silver
Nanice,Gold
Nanine,Silver
Nannette,Silver
Nanni,Diamond
Nannie,Diamond
Nanny,Bronze
Nanon,Gold
Naoma,Silver
Naomi,Silver
Nara,Platinum
Nari,Gold
Nariko,Silver
Nat,Diamond
Nata,Bronze
Natala,Gold
Natalee,Silver
Natalie,Silver
Natalina,Diamond
Nataline,Bronze
Natalya,Bronze
Natasha,Diamond
Natassia,Diamond
Nathalia,Bronze
Nathalie,Platinum
Natividad,Platinum
Natka,Gold
Natty,Silver
Neala,Bronze
Neda,Bronze
Nedda,Gold
Nedi,Bronze
Neely,Bronze
Neila,Silver
Neile,Gold
Neilla,Platinum
Neille,Silver
Nelia,Bronze
Nelie,Diamond
Nell,Platinum
Nelle,Gold
Nelli,Silver
Nellie,Silver
Nelly,Silver
Nerissa,Platinum
Nerita,Platinum
Nert,Silver
Nerta,Platinum
Nerte,Bronze
Nerti,Bronze
Nertie,Gold
Nerty,Platinum
Nessa,Gold
Nessi,Silver
Nessie,Platinum
Nessy,Platinum
Nesta,Bronze
Netta,Silver
Netti,Bronze
Nettie,Gold
Nettle,Diamond
Netty,Platinum
Nevsa,Platinum
Neysa,Bronze
Nichol,Diamond
Nichole,Silver
Nicholle,Gold
Nicki,Platinum
Nickie,Gold
Nicky,Bronze
Nicol,Gold
Nicola,Silver
Nicole,Diamond
Nicolea,Gold
Nicolette,Platinum
Nicoli,Platinum
Nicolina,Platinum
Nicoline,Platinum
Nicolle,Silver
Nikaniki,Gold
Nike,Silver
Niki,Silver
Nikki,Bronze
Nikkie,Bronze
Nikoletta,Platinum
Nikolia,Platinum
Nina,Gold
Ninetta,Gold
Ninette,Gold
Ninnetta,Gold
Ninnette,Platinum
Ninon,Silver
Nissa,Bronze
Nisse,Diamond
Nissie,Gold
Nissy,Silver
Nita,Bronze
Nixie,Gold
Noami,Bronze
Noel,Platinum
Noelani,Platinum
Noell,Gold
Noella,Bronze
Noelle,Gold
Noellyn,Bronze
Noelyn,Diamond
Noemi,Platinum
Nola,Bronze
Nolana,Bronze
Nolie,Platinum
Nollie,Gold
Nomi,Diamond
Nona,Platinum
Nonah,Silver
Noni,Bronze
Nonie,Silver
Nonna,Platinum
Nonnah,Silver
Nora,Gold
Norah,Diamond
Norean,Platinum
Noreen,Diamond
Norene,Diamond
Norina,Silver
Norine,Bronze
Norma,Bronze
Norri,Bronze
Norrie,Diamond
Norry,Silver
Novelia,Gold
Nydia,Platinum
Nyssa,Bronze
Octavia,Silver
Odele,Bronze
Odelia,Gold
Odelinda,Diamond
Odella,Gold
Odelle,Diamond
Odessa,Diamond
Odetta,Gold
Odette,Silver
Odilia,Silver
Odille,Silver
Ofelia,Diamond
Ofella,Platinum
Ofilia,Platinum
Ola,Gold
Olenka,Gold
Olga,Platinum
Olia,Diamond
Olimpia,Platinum
Olive,Diamond
Olivette,Silver
Olivia,Platinum
Olivie,Bronze
Oliy,Silver
Ollie,Diamond
Olly,Gold
Olva,Bronze
Olwen,Platinum
Olympe,Platinum
Olympia,Bronze
Olympie,Diamond
Ondrea,Silver
Oneida,Diamond
Onida,Silver
Oona,Silver
Opal,Diamond
Opalina,Platinum
Opaline,Diamond
Ophelia,Silver
Ophelie,Platinum
Ora,Diamond
Oralee,Bronze
Oralia,Gold
Oralie,Silver
Oralla,Silver
Oralle,Diamond
Orel,Silver
Orelee,Gold
Orelia,Silver
Orelie,Platinum
Orella,Silver
Orelle,Gold
Oriana,Bronze
Orly,Platinum
Orsa,Silver
Orsola,Silver
Ortensia,Silver
Otha,Bronze
Othelia,Silver
Othella,Platinum
Othilia,Silver
Othilie,Bronze
Ottilie,Bronze
Page,Bronze
Paige,Diamond
Paloma,Silver
Pam,Bronze
Pamela,Platinum
Pamelina,Gold
Pamella,Silver
Pammi,Diamond
Pammie,Platinum
Pammy,Gold
Pandora,Diamond
Pansie,Diamond
Pansy,Platinum
Paola,Diamond
Paolina,Platinum
Papagena,Platinum
Pat,Platinum
Patience,Diamond
Patrica,Bronze
Patrice,Platinum
Patricia,Platinum
Patrizia,Diamond
Patsy,Bronze
Patti,Bronze
Pattie,Gold
Patty,Platinum
Paula,Diamond
Paule,Gold
Pauletta,Silver
Paulette,Bronze
Pauli,Bronze
Paulie,Gold
Paulina,Platinum
Pauline,Gold
Paulita,Silver
Pauly,Bronze
Pavia,Gold
Pavla,Gold
Pearl,Bronze
Pearla,Diamond
Pearle,Gold
Pearline,Gold
Peg,Gold
Pegeen,Gold
Peggi,Gold
Peggie,Platinum
Peggy,Bronze
Pen,Gold
Penelopa,Silver
Penelope,Diamond
Penni,Gold
Pennie,Bronze
Penny,Gold
Pepi,Gold
Pepita,Bronze
Peri,Bronze
Peria,Gold
Perl,Diamond
Perla,Gold
Perle,Gold
Perri,Silver
Perrine,Diamond
Perry,Platinum
Persis,Gold
Pet,Silver
Peta,Bronze
Petra,Silver
Petrina,Gold
Petronella,Bronze
Petronia,Diamond
Petronilla,Diamond
Petronille,Bronze
Petunia,Diamond
Phaedra,Platinum
Phaidra,Silver
Phebe,Silver
Phedra,Platinum
Phelia,Platinum
Phil,Bronze
Philipa,Platinum
Philippa,Gold
Philippe,Silver
Philippine,Gold
Philis,Platinum
Phillida,Silver
Phillie,Bronze
Phillis,Bronze
Philly,Gold
Philomena,Gold
Phoebe,Platinum
Phylis,Platinum
Phyllida,Gold
Phyllis,Silver
Phyllys,Gold
Phylys,Platinum
Pia,Gold
Pier,Bronze
Pierette,Diamond
Pierrette,Bronze
Pietra,Gold
Piper,Gold
Pippa,Silver
Pippy,Platinum
Polly,Gold
Pollyanna,Platinum
Pooh,Gold
Poppy,Platinum
Portia,Silver
Pris,Bronze
Prisca,Platinum
Priscella,Bronze
Priscilla,Diamond
Prissie,Bronze
Pru,Platinum
Prudence,Bronze
Prudi,Diamond
Prudy,Platinum
Prue,Silver
Queenie,Gold
Quentin,Platinum
Querida,Bronze
Quinn,Silver
Quinta,Diamond
Quintana,Gold
Quintilla,Bronze
Quintina,Silver
Rachael,Gold
Rachel,Platinum
Rachele,Platinum
Rachelle,Platinum
Rae,Gold
Raeann,Gold
Raf,Bronze
Rafa,Silver
Rafaela,Diamond
Rafaelia,Bronze
Rafaelita,Diamond
Rahal,Bronze
Rahel,Gold
Raina,Platinum
Raine,Bronze
Rakel,Silver
Ralina,Silver
Ramona,Silver
Ramonda,Platinum
Rana,Bronze
Randa,Diamond
Randee,Diamond
Randene,Silver
Randi,Diamond
Randie,Gold
Randy,Diamond
Ranee,Diamond
Rani,Gold
Rania,Gold
Ranice,Platinum
Ranique,Platinum
Ranna,Platinum
Raphaela,Diamond
Raquel,Diamond
Raquela,Gold
Rasia,Bronze
Rasla,Diamond
Raven,Silver
Ray,Gold
Raychel,Diamond
Raye,Gold
Rayna,Silver
Raynell,Gold
Rayshell,Bronze
Rea,Platinum
Reba,Platinum
Rebbecca,Silver
Rebe,Gold
Rebeca,Diamond
Rebecca,Diamond
Rebecka,Diamond
Rebeka,Gold
Rebekah,Bronze
Rebekkah,Platinum
Ree,Gold
Reeba,Silver
Reena,Diamond
Reeta,Gold
Reeva,Gold
Regan,Silver
Reggi,Silver
Reggie,Platinum
Regina,Silver
Regine,Silver
Reiko,Silver
Reina,Silver
Reine,Bronze
Remy,Silver
Rena,Bronze
Renae,Platinum
Renata,Gold
Renate,Silver
Rene,Silver
Renee,Platinum
Renell,Platinum
Renelle,Platinum
Renie,Platinum
Rennie,Gold
Reta,Diamond
Retha,Diamond
Revkah,Gold
Rey,Platinum
Reyna,Silver
Rhea,Bronze
Rheba,Silver
Rheta,Platinum
Rhetta,Gold
Rhiamon,Silver
Rhianna,Diamond
Rhianon,Bronze
Rhoda,Silver
Rhodia,Gold
Rhodie,Diamond
Rhody,Platinum
Rhona,Diamond
Rhonda,Platinum
Riane,Platinum
Riannon,Silver
Rianon,Bronze
Rica,Diamond
Ricca,Diamond
Rici,Diamond
Ricki,Platinum
Rickie,Diamond
Ricky,Platinum
Riki,Bronze
Rikki,Silver
Rina,Gold
Risa,Silver
Rita,Silver
Riva,Bronze
Rivalee,Gold
Rivi,Bronze
Rivkah,Platinum
Rivy,Diamond
Roana,Diamond
Roanna,Diamond
Roanne,Silver
Robbi,Bronze
Robbie,Silver
Robbin,Gold
Robby,Diamond
Robbyn,Silver
Robena,Diamond
Robenia,Bronze
Roberta,Diamond
Robin,Diamond
Robina,Diamond
Robinet,Silver
Robinett,Bronze
Robinetta,Gold
Robinette,Bronze
Robinia,Platinum
Roby,Platinum
Robyn,Bronze
Roch,Gold
Rochell,Gold
Rochella,Diamond
Rochelle,Diamond
Rochette,Silver
Roda,Silver
Rodi,Platinum
Rodie,Diamond
Rodina,Platinum
Rois,Gold
Romola,Gold
Romona,Platinum
Romonda,Gold
Romy,Diamond
Rona,Diamond
Ronalda,Bronze
Ronda,Gold
Ronica,Diamond
Ronna,Gold
Ronni,Bronze
Ronnica,Gold
Ronnie,Bronze
Ronny,Diamond
Roobbie,Silver
Rora,Silver
Rori,Diamond
Rorie,Diamond
Rory,Gold
Ros,Platinum
Rosa,Diamond
Rosabel,Platinum
Rosabella,Diamond
Rosabelle,Bronze
Rosaleen,Bronze
Rosalia,Silver
Rosalie,Gold
Rosalind,Platinum
Rosalinda,Diamond
Rosalinde,Bronze
Rosaline,Diamond
Rosalyn,Gold
Rosalynd,Gold
Rosamond,Diamond
Rosamund,Platinum
Rosana,Diamond
Rosanna,Bronze
Rosanne,Silver
Rose,Silver
Roseann,Gold
Roseanna,Platinum
Roseanne,Bronze
Roselia,Platinum
Roselin,Gold
Roseline,Bronze
Rosella,Diamond
Roselle,Platinum
Rosemaria,Bronze
Rosemarie,Platinum
Rosemary,Diamond
Rosemonde,Platinum
Rosene,Silver
Rosetta,Gold
Rosette,Gold
Roshelle,Silver
Rosie,Bronze
Rosina,Bronze
Rosita,Gold
Roslyn,Bronze
Rosmunda,Gold
Rosy,Gold
Row,Platinum
Rowe,Gold
Rowena,Gold
Roxana,Diamond
Roxane,Bronze
Roxanna,Silver
Roxanne,Diamond
Roxi,Silver
Roxie,Silver
Roxine,Bronze
Roxy,Platinum
Roz,Silver
Rozalie,Silver
Rozalin,Bronze
Rozamond,Silver
Rozanna,Diamond
Rozanne,Bronze
Roze,Platinum
Rozele,Gold
Rozella,Gold
Rozelle,Bronze
Rozina,Gold
Rubetta,Gold
Rubi,Diamond
Rubia,Diamond
Rubie,Platinum
Rubina,Diamond
Ruby,Gold
Ruperta,Diamond
Ruth,Gold
Ruthann,Platinum
Ruthanne,Silver
Ruthe,Bronze
Ruthi,Silver
Ruthie,Bronze
Ruthy,Platinum
Ryann,Diamond
Rycca,Diamond
Saba,Bronze
Sabina,Diamond
Sabine,Diamond
Sabra,Gold
Sabrina,Silver
Sacha,Gold
Sada,Silver
Sadella,Bronze
Sadie,Diamond
Sadye,Silver
Saidee,Bronze
Sal,Silver
Salaidh,Platinum
Sallee,Silver
Salli,Diamond
Sallie,Bronze
Sally,Silver
Sallyann,Silver
Sallyanne,Platinum
Saloma,Diamond
Salome,Bronze
Salomi,Silver
Sam,Silver
Samantha,Bronze
Samara,Diamond
Samaria,Bronze
Sammy,Gold
Sande,Bronze
Sandi,Silver
Sandie,Platinum
Sandra,Gold
Sandy,Bronze
Sandye,Bronze
Sapphira,Platinum
Sapphire,Gold
Sara,Diamond
Sara-Ann,Bronze
Saraann,Silver
Sarah,Bronze
Sarajane,Silver
Saree,Platinum
Sarena,Gold
Sarene,Gold
Sarette,Gold
Sari,Silver
Sarina,Platinum
Sarine,Diamond
Sarita,Diamond
Sascha,Bronze
Sasha,Platinum
Sashenka,Gold
Saudra,Silver
Saundra,Diamond
Savina,Bronze
Sayre,Diamond
Scarlet,Silver
Scarlett,Bronze
Sean,Diamond
Seana,Bronze
Seka,Gold
Sela,Silver
Selena,Gold
Selene,Silver
Selestina,Silver
Selia,Gold
Selie,Diamond
Selina,Gold
Selinda,Silver
Seline,Diamond
Sella,Platinum
Selle,Gold
Selma,Bronze
Sena,Gold
Sephira,Bronze
Serena,Platinum
Serene,Platinum
Shae,Diamond
Shaina,Silver
Shaine,Silver
Shalna,Silver
Shalne,Platinum
Shana,Bronze
Shanda,Silver
Shandee,Silver
Shandeigh,Platinum
Shandie,Silver
Shandra,Platinum
Shandy,Silver
Shane,Platinum
Shani,Silver
Shanie,Silver
Shanna,Bronze
Shannah,Bronze
Shannen,Platinum
Shannon,Platinum
Shanon,Diamond
Shanta,Bronze
Shantee,Silver
Shara,Gold
Sharai,Diamond
Shari,Silver
Sharia,Silver
Sharity,Gold
Sharl,Silver
Sharla,Platinum
Sharleen,Silver
Sharlene,Bronze
Sharline,Bronze
Sharon,Diamond
Sharona,Diamond
Sharron,Gold
Sharyl,Gold
Shaun,Bronze
Shauna,Platinum
Shawn,Bronze
Shawna,Silver
Shawnee,Gold
Shay,Diamond
Shayla,Gold
Shaylah,Gold
Shaylyn,Diamond
Shaylynn,Gold
Shayna,Bronze
Shayne,Diamond
Shea,Silver
Sheba,Platinum
Sheela,Diamond
Sheelagh,Gold
Sheelah,Diamond
Sheena,Gold
Sheeree,Bronze
Sheila,Gold
Sheila-Kathryn,Silver
Sheilah,Diamond
Shel,Platinum
Shela,Silver
Shelagh,Bronze
Shelba,Silver
Shelbi,Diamond
Shelby,Bronze
Shelia,Bronze
Shell,Platinum
Shelley,Bronze
Shelli,Bronze
Shellie,Diamond
Shelly,Diamond
Shena,Diamond
Sher,Diamond
Sheree,Platinum
Sheri,Silver
Sherie,Silver
Sherill,Gold
Sherilyn,Silver
Sherline,Silver
Sherri,Silver
Sherrie,Gold
Sherry,Bronze
Sherye,Silver
Sheryl,Bronze
Shina,Platinum
Shir,Bronze
Shirl,Silver
Shirlee,Diamond
Shirleen,Gold
Shirlene,Diamond
Shirley,Platinum
Shirline,Platinum
Shoshana,Diamond
Shoshanna,Platinum
Siana,Silver
Sianna,Gold
Sib,Bronze
Sibbie,Platinum
Sibby,Gold
Sibeal,Diamond
Sibel,Platinum
Sibella,Silver
Sibelle,Silver
Sibilla,Bronze
Sibley,Bronze
Sibyl,Diamond
Sibylla,Gold
Sibylle,Silver
Sidoney,Diamond
Sidonia,Gold
Sidonnie,Diamond
Sigrid,Silver
Sile,Diamond
Sileas,Gold
Silva,Diamond
Silvana,Gold
Silvia,Platinum
Silvie,Bronze
Simona,Bronze
Simone,Gold
Simonette,Bronze
Simonne,Silver
Sindee,Platinum
Siobhan,Bronze
Sioux,Platinum
Siouxie,Diamond
Sisely,Silver
Sisile,Diamond
Sissie,Diamond
Sissy,Platinum
Siusan,Bronze
Sofia,Diamond
Sofie,Diamond
Sondra,Gold
Sonia,Silver
Sonja,Bronze
Sonni,Bronze
Sonnie,Bronze
Sonnnie,Silver
Sonny,Platinum
Sonya,Gold
Sophey,Platinum
Sophi,Diamond
Sophia,Diamond
Sophie,Diamond
Sophronia,Diamond
Sorcha,Platinum
Sosanna,Platinum
Stace,Gold
Stacee,Gold
Stacey,Silver
Staci,Bronze
Stacia,Silver
Stacie,Silver
Stacy,Diamond
Stafani,Platinum
Star,Gold
Starla,Platinum
Starlene,Diamond
Starlin,Gold
Starr,Gold
Stefa,Bronze
Stefania,Diamond
Stefanie,Bronze
Steffane,Silver
Steffi,Gold
Steffie,Gold
Stella,Silver
Stepha,Silver
Stephana,Gold
Stephani,Silver
Stephanie,Diamond
Stephannie,Silver
Stephenie,Gold
Stephi,Platinum
Stephie,Platinum
Stephine,Diamond
Stesha,Gold
Stevana,Bronze
Stevena,Diamond
Stoddard,Silver
Storm,Bronze
Stormi,Silver
Stormie,Diamond
Stormy,Platinum
Sue,Bronze
Suellen,Silver
Sukey,Platinum
Suki,Platinum
Sula,Diamond
Sunny,Diamond
Sunshine,Gold
Susan,Gold
Susana,Gold
Susanetta,Gold
Susann,Silver
Susanna,Silver
Susannah,Silver
Susanne,Platinum
Susette,Bronze
Susi,Silver
Susie,Gold
Susy,Bronze
Suzann,Platinum
Suzanna,Bronze
Suzanne,Diamond
Suzette,Bronze
Suzi,Bronze
Suzie,Gold
Suzy,Platinum
Sybil,Platinum
Sybila,Platinum
Sybilla,Silver
Sybille,Diamond
Sybyl,Platinum
Sydel,Bronze
Sydelle,Platinum
Sydney,Silver
Sylvia,Bronze
Tabatha,Gold
Tabbatha,Diamond
Tabbi,Bronze
Tabbie,Gold
Tabbitha,Gold
Tabby,Silver
Tabina,Diamond
Tabitha,Diamond
Taffy,Silver
Talia,Diamond
Tallia,Platinum
Tallie,Platinum
Tallou,Platinum
Tallulah,Platinum
Tally,Gold
Talya,Platinum
Talyah,Gold
Tamar,Gold
Tamara,Platinum
Tamarah,Silver
Tamarra,Silver
Tamera,Gold
Tami,Silver
Tamiko,Gold
Tamma,Diamond
Tammara,Gold
Tammi,Platinum
Tammie,Gold
Tammy,Diamond
Tamqrah,Platinum
Tamra,Diamond
Tana,Platinum
Tandi,Gold
Tandie,Diamond
Tandy,Silver
Tanhya,Silver
Tani,Bronze
Tania,Platinum
Tanitansy,Bronze
Tansy,Silver
Tanya,Platinum
Tara,Gold
Tarah,Silver
Tarra,Silver
Tarrah,Diamond
Taryn,Platinum
Tasha,Silver
Tasia,Bronze
Tate,Platinum
Tatiana,Diamond
Tatiania,Bronze
Tatum,Platinum
Tawnya,Gold
Tawsha,Bronze
Ted,Bronze
Tedda,Bronze
Teddi,Gold
Teddie,Gold
Teddy,Bronze
Tedi,Bronze
Tedra,Diamond
Teena,Platinum
TEirtza,Diamond
Teodora,Silver
Tera,Gold
Teresa,Gold
Terese,Bronze
Teresina,Silver
Teresita,Platinum
Teressa,Platinum
Teri,Gold
Teriann,Silver
Terra,Silver
Terri,Gold
Terrie,Platinum
Terrijo,Bronze
Terry,Gold
Terrye,Bronze
Tersina,Silver
Terza,Diamond
Tess,Diamond
Tessa,Gold
Tessi,Gold
Tessie,Gold
Tessy,Silver
Thalia,Silver
Thea,Silver
Theadora,Gold
Theda,Platinum
Thekla,Platinum
Thelma,Bronze
Theo,Platinum
Theodora,Diamond
Theodosia,Silver
Theresa,Platinum
Therese,Silver
Theresina,Bronze
Theresita,Platinum
Theressa,Diamond
Therine,Diamond
Thia,Bronze
Thomasa,Silver
Thomasin,Bronze
Thomasina,Platinum
Thomasine,Platinum
Tiena,Silver
Tierney,Platinum
Tiertza,Silver
Tiff,Platinum
Tiffani,Silver
Tiffanie,Gold
Tiffany,Silver
Tiffi,Bronze
Tiffie,Platinum
Tiffy,Gold
Tilda,Gold
Tildi,Diamond
Tildie,Silver
Tildy,Silver
Tillie,Diamond
Tilly,Silver
Tim,Silver
Timi,Diamond
Timmi,Gold
Timmie,Diamond
Timmy,Silver
Timothea,Platinum
Tina,Platinum
Tine,Diamond
Tiphani,Platinum
Tiphanie,Platinum
Tiphany,Platinum
Tish,Platinum
Tisha,Silver
Tobe,Silver
Tobey,Platinum
Tobi,Gold
Toby,Diamond
Tobye,Bronze
Toinette,Silver
Toma,Silver
Tomasina,Platinum
Tomasine,Bronze
Tomi,Diamond
Tommi,Diamond
Tommie,Bronze
Tommy,Platinum
Toni,Silver
Tonia,Silver
Tonie,Bronze
Tony,Platinum
Tonya,Bronze
Tonye,Platinum
Tootsie,Silver
Torey,Bronze
Tori,Diamond
Torie,Platinum
Torrie,Silver
Tory,Silver
Tova,Platinum
Tove,Bronze
Tracee,Gold
Tracey,Gold
Traci,Platinum
Tracie,Platinum
Tracy,Diamond
Trenna,Gold
Tresa,Bronze
Trescha,Silver
Tressa,Diamond
Tricia,Platinum
Trina,Gold
Trish,Silver
Trisha,Bronze
Trista,Silver
Trix,Silver
Trixi,Silver
Trixie,Diamond
Trixy,Platinum
Truda,Platinum
Trude,Platinum
Trudey,Silver
Trudi,Silver
Trudie,Diamond
Trudy,Silver
Trula,Silver
Tuesday,Diamond
Twila,Gold
Twyla,Silver
Tybi,Platinum
Tybie,Bronze
Tyne,Bronze
Ula,Gold
Ulla,Platinum
Ulrica,Gold
Ulrika,Platinum
Ulrikaumeko,Diamond
Ulrike,Silver
Umeko,Silver
Una,Gold
Ursa,Bronze
Ursala,Diamond
Ursola,Silver
Ursula,Gold
Ursulina,Diamond
Ursuline,Silver
Uta,Bronze
Val,Diamond
Valaree,Gold
Valaria,Platinum
Vale,Diamond
Valeda,Bronze
Valencia,Silver
Valene,Platinum
Valenka,Platinum
Valentia,Bronze
Valentina,Gold
Valentine,Silver
Valera,Gold
Valeria,Gold
Valerie,Gold
Valery,Silver
Valerye,Platinum
Valida,Diamond
Valina,Diamond
Valli,Bronze
Vallie,Bronze
Vally,Bronze
Valma,Silver
Valry,Gold
Van,Bronze
Vanda,Platinum
Vanessa,Platinum
Vania,Gold
Vanna,Diamond
Vanni,Bronze
Vannie,Silver
Vanny,Platinum
Vanya,Diamond
Veda,Bronze
Velma,Diamond
Velvet,Platinum
Venita,Platinum
Venus,Platinum
Vera,Silver
Veradis,Gold
Vere,Bronze
Verena,Bronze
Verene,Diamond
Veriee,Platinum
Verile,Bronze
Verina,Bronze
Verine,Bronze
Verla,Diamond
Verna,Platinum
Vernice,Silver
Veronica,Diamond
Veronika,Silver
Veronike,Bronze
Veronique,Silver
Vevay,Bronze
Vi,Gold
Vicki,Diamond
Vickie,Diamond
Vicky,Gold
Victoria,Silver
Vida,Platinum
Viki,Diamond
Vikki,Gold
Vikky,Gold
Vilhelmina,Platinum
Vilma,Diamond
Vin,Gold
Vina,Silver
Vinita,Diamond
Vinni,Diamond
Vinnie,Bronze
Vinny,Platinum
Viola,Bronze
Violante,Platinum
Viole,Diamond
Violet,Bronze
Violetta,Platinum
Violette,Silver
Virgie,Bronze
Virgina,Gold
Virginia,Platinum
Virginie,Platinum
Vita,Gold
Vitia,Diamond
Vitoria,Silver
Vittoria,Diamond
Viv,Silver
Viva,Gold
Vivi,Silver
Vivia,Diamond
Vivian,Silver
Viviana,Bronze
Vivianna,Diamond
Vivianne,Silver
Vivie,Gold
Vivien,Diamond
Viviene,Platinum
Vivienne,Gold
Viviyan,Diamond
Vivyan,Gold
Vivyanne,Diamond
Vonni,Gold
Vonnie,Silver
Vonny,Silver
Vyky,Platinum
Wallie,Platinum
Wallis,Gold
Walliw,Gold
Wally,Bronze
Waly,Platinum
Wanda,Gold
Wandie,Platinum
Wandis,Bronze
Waneta,Gold
Wanids,Diamond
Wenda,Silver
Wendeline,Bronze
Wendi,Platinum
Wendie,Diamond
Wendy,Diamond
Wendye,Silver
Wenona,Bronze
Wenonah,Platinum
Whitney,Bronze
Wileen,Gold
Wilhelmina,Diamond
Wilhelmine,Bronze
Wilie,Silver
Willa,Platinum
Willabella,Gold
Willamina,Platinum
Willetta,Silver
Willette,Diamond
Willi,Gold
Willie,Gold
Willow,Bronze
Willy,Diamond
Willyt,Diamond
Wilma,Gold
Wilmette,Silver
Wilona,Silver
Wilone,Gold
Wilow,Platinum
Windy,Bronze
Wini,Diamond
Winifred,Platinum
Winna,Silver
Winnah,Bronze
Winne,Diamond
Winni,Diamond
Winnie,Bronze
Winnifred,Bronze
Winny,Bronze
Winona,Silver
Winonah,Silver
Wren,Gold
Wrennie,Bronze
Wylma,Platinum
Wynn,Platinum
Wynne,Diamond
Wynnie,Silver
Wynny,Diamond
Xaviera,Gold
Xena,Bronze
Xenia,Silver
Xylia,Gold
Xylina,Platinum
Yalonda,Silver
Yasmeen,Gold
Yasmin,Platinum
Yelena,Bronze
Yetta,Platinum
Yettie,Platinum
Yetty,Bronze
Yevette,Gold
Ynes,Gold
Ynez,Gold
Yoko,Gold
Yolanda,Diamond
Yolande,Diamond
Yolane,Diamond
Yolanthe,Gold
Yoshi,Diamond
Yoshiko,Silver
Yovonnda,Bronze
Ysabel,Bronze
Yvette,Platinum
Yvonne,Platinum
Zabrina,Silver
Zahara,Platinum
Zandra,Diamond
Zaneta,Silver
Zara,Platinum
Zarah,Diamond
Zaria,Bronze
Zarla,Bronze
Zea,Platinum
Zelda,Diamond
Zelma,Diamond
Zena,Silver
Zenia,Diamond
Zia,Diamond
Zilvia,Platinum
Zita,Silver
Zitella,Silver
Zoe,Bronze
Zola,Gold
Zonda,Silver
Zondra,Diamond
Zonnya,Bronze
Zora,Silver
Zorah,Platinum
Zorana,Platinum
Zorina,Silver
Zorine,Gold
Zsa Zsa,Bronze
Zsazsa,Diamond
Zulema,Bronze
Zuzana,Gold
